timestamp,object_id,client_id,object_type,area,actual_mwh,forecast_mwh,abs_error,is_valid_record,data_quality_issue
2026-04-01 00:00:00,1001,,,,0.05,,,False,missing_object_metadata|no_forecast
2026-04-01 00:00:00,OBJ_1003,CL_02,consumer,EE,2.281,1.6838,0.5972,False,inactive_object|inactive_object|inactive_object
2026-04-01 00:00:00,OBJ_1004,,hydro,LT,,1.1484,,False,missing_client_id|missing_object_metadata|no_actual
2026-04-01 00:00:00,OBJ_1005,CL_03,bess,,0.71,0.667,0.043,True,missing_area
2026-04-01 00:00:00,OBJ_1006,CL_04,solar,LV,0.0,0.0,0.0,False,negative_capacity
2026-04-01 00:00:00,OBJ_9999,,,,0.0,0.0,0.0,False,missing_object_metadata
2026-04-01 00:15:00,OBJ_1002,CL_01,wind,LV,4.4651,,,True,no_forecast
2026-04-01 00:15:00,OBJ_1003,CL_02,consumer,EE,2.3035,2.1278,0.1757,False,inactive_object|inactive_object|inactive_object
2026-04-01 00:15:00,OBJ_1004,,hydro,LT,,1.3361,,False,missing_client_id|missing_object_metadata|no_actual
2026-04-01 00:15:00,OBJ_1005,CL_03,bess,,0.6795,0.8804,0.2009,True,missing_area
2026-04-01 00:15:00,OBJ_1006,CL_04,solar,LV,0.0,0.0,0.0,False,negative_capacity
2026-04-01 00:15:00,OBJ_9999,,,,0.0,0.0,0.0,False,missing_object_metadata
2026-04-01 00:30:00,OBJ_1003,CL_02,consumer,EE,1.6232,1.6056,0.0176,False,inactive_object|inactive_object|inactive_object
2026-04-01 00:30:00,OBJ_1004,,hydro,LT,,0.9932,,False,missing_client_id|missing_object_metadata|no_actual
2026-04-01 00:30:00,OBJ_1005,CL_03,bess,,0.9829,0.8574,0.1255,True,missing_area
2026-04-01 00:30:00,OBJ_1006,CL_04,solar,LV,0.0,0.0,0.0,False,negative_capacity
2026-04-01 00:30:00,OBJ_9999,,,,0.0,0.0,0.0,False,missing_object_metadata
2026-04-01 00:45:00,OBJ_1001,CL_01,solar,LV,,0.0,,True,no_actual
2026-04-01 00:45:00,OBJ_1003,CL_02,consumer,EE,1.7542,2.3601,0.6059,False,inactive_object|inactive_object|inactive_object
2026-04-01 00:45:00,OBJ_1004,,hydro,LT,,1.012,,False,missing_client_id|missing_object_metadata|no_actual
2026-04-01 00:45:00,OBJ_1005,CL_03,bess,,0.8208,0.6913,0.1295,True,missing_area
2026-04-01 00:45:00,OBJ_1006,CL_04,solar,LV,0.0,0.0,0.0,False,negative_capacity
2026-04-01 00:45:00,OBJ_9999,,,,0.0,0.0,0.0,False,missing_object_metadata
2026-04-01 01:00:00,OBJ_1003,CL_02,consumer,EE,2.2663,1.8255,0.4408,False,inactive_object|inactive_object|inactive_object
2026-04-01 01:00:00,OBJ_1004,,hydro,LT,,0.9572,,False,missing_client_id|missing_object_metadata|no_actual
2026-04-01 01:00:00,OBJ_1005,CL_03,bess,,0.6404,0.7752,0.1348,True,missing_area
2026-04-01 01:00:00,OBJ_1006,CL_04,solar,LV,0.0,0.0,0.0,False,negative_capacity
2026-04-01 01:00:00,OBJ_9999,,,,0.0,0.0,0.0,False,missing_object_metadata
2026-04-01 01:15:00,OBJ_1003,CL_02,consumer,EE,2.2696,1.9514,0.3182,False,inactive_object|inactive_object|inactive_object
2026-04-01 01:15:00,OBJ_1004,,hydro,LT,,1.1534,,False,missing_client_id|missing_object_metadata|no_actual
2026-04-01 01:15:00,OBJ_1005,CL_03,bess,,0.8917,0.6047,0.287,True,missing_area
2026-04-01 01:15:00,OBJ_1006,CL_04,solar,LV,0.0,0.0,0.0,False,negative_capacity
2026-04-01 01:15:00,OBJ_9999,,,,0.0,0.0,0.0,False,missing_object_metadata
2026-04-01 01:30:00,OBJ_1003,CL_02,consumer,EE,1.7996,1.6009,0.1987,False,inactive_object|inactive_object|inactive_object
2026-04-01 01:30:00,OBJ_1004,,hydro,LT,,1.0464,,False,missing_client_id|missing_object_metadata|no_actual
2026-04-01 01:30:00,OBJ_1005,CL_03,bess,,0.7262,0.7191,0.0071,True,missing_area
2026-04-01 01:30:00,OBJ_1006,CL_04,solar,LV,0.0,0.0,0.0,False,negative_capacity
2026-04-01 01:30:00,OBJ_9999,,,,0.0,0.0,0.0,False,missing_object_metadata
2026-04-01 01:45:00,OBJ_1003,CL_02,consumer,EE,1.9652,2.3209,0.3557,False,inactive_object|inactive_object|inactive_object
2026-04-01 01:45:00,OBJ_1004,,hydro,LT,,1.1845,,False,missing_client_id|missing_object_metadata|no_actual
2026-04-01 01:45:00,OBJ_1005,CL_03,bess,,0.6987,0.6688,0.0299,True,missing_area
2026-04-01 01:45:00,OBJ_1006,CL_04,solar,LV,0.0,0.0,0.0,False,negative_capacity
2026-04-01 01:45:00,OBJ_9999,,,,0.0,0.0,0.0,False,missing_object_metadata
2026-04-01 02:00:00,OBJ_1004,,hydro,LT,,1.0576,,False,missing_client_id|missing_object_metadata|no_actual
2026-04-01 02:00:00,OBJ_1005,CL_03,bess,,0.6439,0.6972,0.0533,True,missing_area
2026-04-01 02:00:00,OBJ_1006,CL_04,solar,LV,0.0,0.0,0.0,False,negative_capacity
2026-04-01 02:00:00,OBJ_9999,,,,0.0,0.0,0.0,False,missing_object_metadata
2026-04-01 02:15:00,OBJ_1004,,hydro,LT,,1.2298,,False,missing_client_id|missing_object_metadata|no_actual
2026-04-01 02:15:00,OBJ_1005,CL_03,bess,,0.8883,0.9129,0.0246,True,missing_area
2026-04-01 02:15:00,OBJ_1006,CL_04,solar,LV,0.0,0.0,0.0,False,negative_capacity
2026-04-01 02:15:00,OBJ_9999,,,,0.0,0.0,0.0,False,missing_object_metadata
2026-04-01 02:30:00,OBJ_1004,,hydro,LT,,1.274,,False,missing_client_id|missing_object_metadata|no_actual
2026-04-01 02:30:00,OBJ_1005,CL_03,bess,,0.8002,0.872,0.0718,True,missing_area
2026-04-01 02:30:00,OBJ_1006,CL_04,solar,LV,0.0,0.0,0.0,False,negative_capacity
2026-04-01 02:30:00,OBJ_9999,,,,0.0,0.0,0.0,False,missing_object_metadata
2026-04-01 02:45:00,OBJ_1004,,hydro,LT,,1.1722,,False,missing_client_id|missing_object_metadata|no_actual
2026-04-01 02:45:00,OBJ_1005,CL_03,bess,,0.8121,0.789,0.0231,True,missing_area
2026-04-01 02:45:00,OBJ_1006,CL_04,solar,LV,0.0,0.0,0.0,False,negative_capacity
2026-04-01 02:45:00,OBJ_9999,,,,0.0,0.0,0.0,False,missing_object_metadata
2026-04-01 03:00:00,OBJ_1004,,hydro,LT,,1.3117,,False,missing_client_id|missing_object_metadata|no_actual
2026-04-01 03:00:00,OBJ_1005,CL_03,bess,,0.6343,0.6142,0.0201,True,missing_area
2026-04-01 03:00:00,OBJ_1006,CL_04,solar,LV,0.0,0.0,0.0,False,negative_capacity
2026-04-01 03:15:00,OBJ_1004,,hydro,LT,,1.0727,,False,missing_client_id|missing_object_metadata|no_actual
2026-04-01 03:15:00,OBJ_1005,CL_03,bess,,0.6847,0.8715,0.1868,True,missing_area
2026-04-01 03:15:00,OBJ_1006,CL_04,solar,LV,0.0,0.0,0.0,False,negative_capacity
2026-04-01 03:30:00,OBJ_1004,,hydro,LT,,1.33,,False,missing_client_id|missing_object_metadata|no_actual
2026-04-01 03:30:00,OBJ_1005,CL_03,bess,,0.7352,0.7107,0.0245,True,missing_area
2026-04-01 03:30:00,OBJ_1006,CL_04,solar,LV,0.0,0.0,0.0,False,negative_capacity
2026-04-01 03:45:00,OBJ_1004,,hydro,LT,,1.116,,False,missing_client_id|missing_object_metadata|no_actual
2026-04-01 03:45:00,OBJ_1005,CL_03,bess,,0.8676,0.7751,0.0925,True,missing_area
2026-04-01 03:45:00,OBJ_1006,CL_04,solar,LV,0.0,0.0,0.0,False,negative_capacity
2026-04-01 04:00:00,OBJ_1004,,hydro,LT,,1.0133,,False,missing_client_id|missing_object_metadata|no_actual
2026-04-01 04:00:00,OBJ_1005,CL_03,bess,,0.7694,0.8516,0.0822,True,missing_area
2026-04-01 04:00:00,OBJ_1006,CL_04,solar,LV,0.0,0.0,0.0,False,negative_capacity
2026-04-01 04:15:00,OBJ_1004,,hydro,LT,,1.146,,False,missing_client_id|missing_object_metadata|no_actual
2026-04-01 04:15:00,OBJ_1005,CL_03,bess,,0.7794,0.8815,0.1021,True,missing_area
2026-04-01 04:15:00,OBJ_1006,CL_04,solar,LV,0.0,0.0,0.0,False,negative_capacity
2026-04-01 04:30:00,OBJ_1004,,hydro,LT,,1.0908,,False,missing_client_id|missing_object_metadata|no_actual
2026-04-01 04:30:00,OBJ_1005,CL_03,bess,,0.9876,0.9078,0.0798,True,missing_area
2026-04-01 04:30:00,OBJ_1006,CL_04,solar,LV,0.0,0.0,0.0,False,negative_capacity
2026-04-01 04:45:00,OBJ_1004,,hydro,LT,,1.1861,,False,missing_client_id|missing_object_metadata|no_actual
2026-04-01 04:45:00,OBJ_1005,CL_03,bess,,0.9136,0.8722,0.0414,True,missing_area
2026-04-01 04:45:00,OBJ_1006,CL_04,solar,LV,0.0,0.0,0.0,False,negative_capacity
2026-04-01 05:00:00,OBJ_1004,,hydro,LT,,1.0346,,False,missing_client_id|missing_object_metadata|no_actual
2026-04-01 05:00:00,OBJ_1005,CL_03,bess,,0.8169,0.7366,0.0803,True,missing_area
2026-04-01 05:00:00,OBJ_1006,CL_04,solar,LV,0.0,0.0,0.0,False,negative_capacity
2026-04-01 05:15:00,OBJ_1004,,hydro,LT,,1.1556,,False,missing_client_id|missing_object_metadata|no_actual
2026-04-01 05:15:00,OBJ_1005,CL_03,bess,,0.8701,0.6877,0.1824,True,missing_area
2026-04-01 05:15:00,OBJ_1006,CL_04,solar,LV,0.0,0.0,0.0,False,negative_capacity
2026-04-01 05:30:00,OBJ_1004,,hydro,LT,,1.0654,,False,missing_client_id|missing_object_metadata|no_actual
2026-04-01 05:30:00,OBJ_1005,CL_03,bess,,0.6817,0.7572,0.0755,True,missing_area
2026-04-01 05:30:00,OBJ_1006,CL_04,solar,LV,0.0,0.0,0.0,False,negative_capacity
2026-04-01 05:45:00,OBJ_1004,,hydro,LT,,1.1081,,False,missing_client_id|missing_object_metadata|no_actual
2026-04-01 05:45:00,OBJ_1005,CL_03,bess,,0.9984,0.5906,0.4078,True,missing_area
2026-04-01 05:45:00,OBJ_1006,CL_04,solar,LV,0.0,0.0,0.0,False,negative_capacity
2026-04-01 06:00:00,OBJ_1004,,hydro,LT,,1.097,,False,missing_client_id|missing_object_metadata|no_actual
2026-04-01 06:00:00,OBJ_1005,CL_03,bess,,0.8447,0.6288,0.2159,True,missing_area
2026-04-01 06:00:00,OBJ_1006,CL_04,solar,LV,0.0,0.0,0.0,False,negative_capacity
2026-04-01 06:15:00,OBJ_1004,,hydro,LT,,1.2378,,False,missing_client_id|missing_object_metadata|no_actual
2026-04-01 06:15:00,OBJ_1005,CL_03,bess,,0.8213,0.7791,0.0422,True,missing_area
2026-04-01 06:15:00,OBJ_1006,CL_04,solar,LV,0.2248,0.2427,0.0179,False,negative_capacity
2026-04-01 06:30:00,OBJ_1004,,hydro,LT,,1.3381,,False,missing_client_id|missing_object_metadata|no_actual
2026-04-01 06:30:00,OBJ_1005,CL_03,bess,,0.7694,1.0389,0.2695,True,missing_area
2026-04-01 06:30:00,OBJ_1006,CL_04,solar,LV,0.4492,0.4629,0.0137,False,negative_capacity
2026-04-01 06:45:00,OBJ_1004,,hydro,LT,,1.198,,False,missing_client_id|missing_object_metadata|no_actual
2026-04-01 06:45:00,OBJ_1005,CL_03,bess,,0.9532,0.7228,0.2304,True,missing_area
2026-04-01 06:45:00,OBJ_1006,CL_04,solar,LV,0.7429,0.6585,0.0844,False,negative_capacity
2026-04-01 07:00:00,OBJ_1004,,hydro,LT,,1.0918,,False,missing_client_id|missing_object_metadata|no_actual
2026-04-01 07:00:00,OBJ_1005,CL_03,bess,,0.9596,0.9313,0.0283,True,missing_area
2026-04-01 07:00:00,OBJ_1006,CL_04,solar,LV,0.8827,0.8989,0.0162,False,negative_capacity
2026-04-01 07:15:00,OBJ_1004,,hydro,LT,,1.2504,,False,missing_client_id|missing_object_metadata|no_actual
2026-04-01 07:15:00,OBJ_1005,CL_03,bess,,0.9905,0.7977,0.1928,True,missing_area
2026-04-01 07:15:00,OBJ_1006,CL_04,solar,LV,1.2104,0.9914,0.219,False,negative_capacity
2026-04-01 07:30:00,OBJ_1004,,hydro,LT,,1.1205,,False,missing_client_id|missing_object_metadata|no_actual
2026-04-01 07:30:00,OBJ_1005,CL_03,bess,,0.9149,0.6677,0.2472,True,missing_area
2026-04-01 07:30:00,OBJ_1006,CL_04,solar,LV,1.2874,1.3305,0.0431,False,negative_capacity
2026-04-01 07:45:00,OBJ_1004,,hydro,LT,,1.3245,,False,missing_client_id|missing_object_metadata|no_actual
2026-04-01 07:45:00,OBJ_1005,CL_03,bess,,0.6773,0.9556,0.2783,True,missing_area
2026-04-01 07:45:00,OBJ_1006,CL_04,solar,LV,1.5486,1.4464,0.1022,False,negative_capacity
2026-04-01 08:00:00,OBJ_1004,,hydro,LT,,1.1888,,False,missing_client_id|missing_object_metadata|no_actual
2026-04-01 08:00:00,OBJ_1005,CL_03,bess,,0.9882,0.6763,0.3119,True,missing_area
2026-04-01 08:00:00,OBJ_1006,CL_04,solar,LV,1.7119,1.9027,0.1908,False,negative_capacity
2026-04-01 08:15:00,OBJ_1004,,hydro,LT,,1.023,,False,missing_client_id|missing_object_metadata|no_actual
2026-04-01 08:15:00,OBJ_1005,CL_03,bess,,0.8306,1.0464,0.2158,True,missing_area
2026-04-01 08:15:00,OBJ_1006,CL_04,solar,LV,1.9334,1.9038,0.0296,False,negative_capacity
2026-04-01 08:30:00,OBJ_1004,,hydro,LT,,1.2068,,False,missing_client_id|missing_object_metadata|no_actual
2026-04-01 08:30:00,OBJ_1005,CL_03,bess,,0.8657,0.7221,0.1436,True,missing_area
2026-04-01 08:30:00,OBJ_1006,CL_04,solar,LV,2.1536,2.3537,0.2001,False,negative_capacity
2026-04-01 08:45:00,OBJ_1004,,hydro,LT,,1.2958,,False,missing_client_id|missing_object_metadata|no_actual
2026-04-01 08:45:00,OBJ_1005,CL_03,bess,,0.7682,0.8104,0.0422,True,missing_area
2026-04-01 08:45:00,OBJ_1006,CL_04,solar,LV,2.5807,2.4084,0.1723,False,negative_capacity
2026-04-01 09:00:00,OBJ_1004,,hydro,LT,,1.2856,,False,missing_client_id|missing_object_metadata|no_actual
2026-04-01 09:00:00,OBJ_1005,CL_03,bess,,0.8619,0.6968,0.1651,True,missing_area
2026-04-01 09:00:00,OBJ_1006,CL_04,solar,LV,2.5805,2.5039,0.0766,False,negative_capacity
2026-04-01 09:15:00,OBJ_1004,,hydro,LT,,1.1792,,False,missing_client_id|missing_object_metadata|no_actual
2026-04-01 09:15:00,OBJ_1005,CL_03,bess,,0.7341,0.685,0.0491,True,missing_area
2026-04-01 09:15:00,OBJ_1006,CL_04,solar,LV,2.9169,2.95,0.0331,False,negative_capacity
2026-04-01 09:30:00,OBJ_1004,,hydro,LT,,1.1509,,False,missing_client_id|missing_object_metadata|no_actual
2026-04-01 09:30:00,OBJ_1005,CL_03,bess,,0.7658,0.65,0.1158,True,missing_area
2026-04-01 09:30:00,OBJ_1006,CL_04,solar,LV,3.0053,3.0716,0.0663,False,negative_capacity
2026-04-01 09:45:00,OBJ_1004,,hydro,LT,,1.1353,,False,missing_client_id|missing_object_metadata|no_actual
2026-04-01 09:45:00,OBJ_1005,CL_03,bess,,0.7701,0.6536,0.1165,True,missing_area
2026-04-01 09:45:00,OBJ_1006,CL_04,solar,LV,2.9406,2.8974,0.0432,False,negative_capacity
2026-04-01 10:00:00,OBJ_1004,,hydro,LT,,1.0556,,False,missing_client_id|missing_object_metadata|no_actual
2026-04-01 10:00:00,OBJ_1005,CL_03,bess,,-1.0382,-0.9296,0.1086,True,missing_area
2026-04-01 10:00:00,OBJ_1006,CL_04,solar,LV,3.4919,3.0377,0.4542,False,negative_capacity
2026-04-01 10:15:00,OBJ_1004,,hydro,LT,,1.0737,,False,missing_client_id|missing_object_metadata|no_actual
2026-04-01 10:15:00,OBJ_1005,CL_03,bess,,-0.9037,-0.9599,0.0562,True,missing_area
2026-04-01 10:15:00,OBJ_1006,CL_04,solar,LV,3.2556,3.4005,0.1449,False,negative_capacity
2026-04-01 10:30:00,OBJ_1004,,hydro,LT,,1.1095,,False,missing_client_id|missing_object_metadata|no_actual
2026-04-01 10:30:00,OBJ_1005,CL_03,bess,,-1.0161,-1.1654,0.1493,True,missing_area
2026-04-01 10:30:00,OBJ_1006,CL_04,solar,LV,3.3178,3.2817,0.0361,False,negative_capacity
2026-04-01 10:45:00,OBJ_1004,,hydro,LT,,1.2255,,False,missing_client_id|missing_object_metadata|no_actual
2026-04-01 10:45:00,OBJ_1005,CL_03,bess,,-1.1619,-0.764,0.3979,True,missing_area
2026-04-01 10:45:00,OBJ_1006,CL_04,solar,LV,3.6928,3.4432,0.2496,False,negative_capacity
2026-04-01 11:00:00,OBJ_1004,,hydro,LT,,1.2482,,False,missing_client_id|missing_object_metadata|no_actual
2026-04-01 11:00:00,OBJ_1005,CL_03,bess,,-0.9676,-1.0928,0.1252,True,missing_area
2026-04-01 11:00:00,OBJ_1006,CL_04,solar,LV,3.9008,4.0688,0.168,False,negative_capacity
2026-04-01 11:15:00,OBJ_1004,,hydro,LT,,1.0603,,False,missing_client_id|missing_object_metadata|no_actual
2026-04-01 11:15:00,OBJ_1005,CL_03,bess,,-0.866,-0.8434,0.0226,True,missing_area
2026-04-01 11:15:00,OBJ_1006,CL_04,solar,LV,3.8253,4.2572,0.4319,False,negative_capacity
2026-04-01 11:30:00,OBJ_1004,,hydro,LT,,1.3201,,False,missing_client_id|missing_object_metadata|no_actual
2026-04-01 11:30:00,OBJ_1005,CL_03,bess,,-0.8201,-0.805,0.0151,True,missing_area
2026-04-01 11:30:00,OBJ_1006,CL_04,solar,LV,3.8519,4.0448,0.1929,False,negative_capacity
2026-04-01 11:45:00,OBJ_1004,,hydro,LT,,1.1453,,False,missing_client_id|missing_object_metadata|no_actual
2026-04-01 11:45:00,OBJ_1005,CL_03,bess,,-1.0158,-0.8552,0.1606,True,missing_area
2026-04-01 11:45:00,OBJ_1006,CL_04,solar,LV,4.3241,4.0911,0.233,False,negative_capacity
2026-04-01 12:00:00,OBJ_1004,,hydro,LT,,1.0476,,False,missing_client_id|missing_object_metadata|no_actual
2026-04-01 12:00:00,OBJ_1005,CL_03,bess,,-0.8505,-0.9549,0.1044,True,missing_area
2026-04-01 12:00:00,OBJ_1006,CL_04,solar,LV,4.1697,3.9016,0.2681,False,negative_capacity
2026-04-01 12:15:00,OBJ_1004,,hydro,LT,,1.3093,,False,missing_client_id|missing_object_metadata|no_actual
2026-04-01 12:15:00,OBJ_1005,CL_03,bess,,-1.1859,-0.9844,0.2015,True,missing_area
2026-04-01 12:15:00,OBJ_1006,CL_04,solar,LV,3.8429,4.4829,0.64,False,negative_capacity
2026-04-01 12:30:00,OBJ_1004,,hydro,LT,,1.1633,,False,missing_client_id|missing_object_metadata|no_actual
2026-04-01 12:30:00,OBJ_1005,CL_03,bess,,-0.8408,-1.0403,0.1995,True,missing_area
2026-04-01 12:30:00,OBJ_1006,CL_04,solar,LV,4.3191,4.3669,0.0478,False,negative_capacity
2026-04-01 12:45:00,OBJ_1004,,hydro,LT,,1.1024,,False,missing_client_id|missing_object_metadata|no_actual
2026-04-01 12:45:00,OBJ_1005,CL_03,bess,,-0.9365,-1.2268,0.2903,True,missing_area
2026-04-01 12:45:00,OBJ_1006,CL_04,solar,LV,4.3915,4.0016,0.3899,False,negative_capacity
2026-04-01 13:00:00,OBJ_1004,,hydro,LT,,1.0128,,False,missing_client_id|missing_object_metadata|no_actual
2026-04-01 13:00:00,OBJ_1005,CL_03,bess,,-0.908,-0.8985,0.0095,True,missing_area
2026-04-01 13:00:00,OBJ_1006,CL_04,solar,LV,4.3705,3.9159,0.4546,False,negative_capacity
2026-04-01 13:15:00,OBJ_1004,,hydro,LT,,1.1742,,False,missing_client_id|missing_object_metadata|no_actual
2026-04-01 13:15:00,OBJ_1005,CL_03,bess,,-0.8975,-0.745,0.1525,True,missing_area
2026-04-01 13:15:00,OBJ_1006,CL_04,solar,LV,4.1322,4.2522,0.12,False,negative_capacity
2026-04-01 13:30:00,OBJ_1004,,hydro,LT,,1.3358,,False,missing_client_id|missing_object_metadata|no_actual
2026-04-01 13:30:00,OBJ_1005,CL_03,bess,,-1.0805,-1.0653,0.0152,True,missing_area
2026-04-01 13:30:00,OBJ_1006,CL_04,solar,LV,3.9863,4.4407,0.4544,False,negative_capacity
2026-04-01 13:45:00,OBJ_1004,,hydro,LT,,1.3354,,False,missing_client_id|missing_object_metadata|no_actual
2026-04-01 13:45:00,OBJ_1005,CL_03,bess,,-1.1172,-1.0011,0.1161,True,missing_area
2026-04-01 13:45:00,OBJ_1006,CL_04,solar,LV,3.8329,4.3459,0.513,False,negative_capacity
2026-04-01 14:00:00,OBJ_1004,,hydro,LT,,1.1606,,False,missing_client_id|missing_object_metadata|no_actual
2026-04-01 14:00:00,OBJ_1005,CL_03,bess,,-1.0811,-1.2069,0.1258,True,missing_area
2026-04-01 14:00:00,OBJ_1006,CL_04,solar,LV,3.9074,4.3366,0.4292,False,negative_capacity
2026-04-01 14:15:00,OBJ_1004,,hydro,LT,,1.3672,,False,missing_client_id|missing_object_metadata|no_actual
2026-04-01 14:15:00,OBJ_1005,CL_03,bess,,-1.0898,-0.8563,0.2335,True,missing_area
2026-04-01 14:15:00,OBJ_1006,CL_04,solar,LV,4.309,3.8128,0.4962,False,negative_capacity
2026-04-01 14:30:00,OBJ_1004,,hydro,LT,,1.2186,,False,missing_client_id|missing_object_metadata|no_actual
2026-04-01 14:30:00,OBJ_1005,CL_03,bess,,-1.1897,-0.9202,0.2695,True,missing_area
2026-04-01 14:30:00,OBJ_1006,CL_04,solar,LV,3.9629,3.7506,0.2123,False,negative_capacity
2026-04-01 14:45:00,OBJ_1004,,hydro,LT,,1.173,,False,missing_client_id|missing_object_metadata|no_actual
2026-04-01 14:45:00,OBJ_1005,CL_03,bess,,-0.8206,-1.1857,0.3651,True,missing_area
2026-04-01 14:45:00,OBJ_1006,CL_04,solar,LV,4.1207,3.5557,0.565,False,negative_capacity
2026-04-01 15:00:00,OBJ_1004,,hydro,LT,,1.252,,False,missing_client_id|missing_object_metadata|no_actual
2026-04-01 15:00:00,OBJ_1005,CL_03,bess,,0.9976,0.7563,0.2413,True,missing_area
2026-04-01 15:00:00,OBJ_1006,CL_04,solar,LV,3.5182,3.7305,0.2123,False,negative_capacity
2026-04-01 15:15:00,OBJ_1004,,hydro,LT,,1.0597,,False,missing_client_id|missing_object_metadata|no_actual
2026-04-01 15:15:00,OBJ_1005,CL_03,bess,,0.7222,0.9634,0.2412,True,missing_area
2026-04-01 15:15:00,OBJ_1006,CL_04,solar,LV,3.7146,3.9986,0.284,False,negative_capacity
2026-04-01 15:30:00,OBJ_1004,,hydro,LT,,1.248,,False,missing_client_id|missing_object_metadata|no_actual
2026-04-01 15:30:00,OBJ_1005,CL_03,bess,,0.6011,0.6535,0.0524,True,missing_area
2026-04-01 15:30:00,OBJ_1006,CL_04,solar,LV,3.4962,3.5098,0.0136,False,negative_capacity
2026-04-01 15:45:00,OBJ_1004,,hydro,LT,,1.2146,,False,missing_client_id|missing_object_metadata|no_actual
2026-04-01 15:45:00,OBJ_1005,CL_03,bess,,0.85,0.8931,0.0431,True,missing_area
2026-04-01 15:45:00,OBJ_1006,CL_04,solar,LV,3.4835,3.4093,0.0742,False,negative_capacity
2026-04-01 16:00:00,OBJ_1004,,hydro,LT,,1.2132,,False,missing_client_id|missing_object_metadata|no_actual
2026-04-01 16:00:00,OBJ_1005,CL_03,bess,,0.8996,0.6156,0.284,True,missing_area
2026-04-01 16:00:00,OBJ_1006,CL_04,solar,LV,3.2909,3.1239,0.167,False,negative_capacity
2026-04-01 16:15:00,OBJ_1004,,hydro,LT,,1.0417,,False,missing_client_id|missing_object_metadata|no_actual
2026-04-01 16:15:00,OBJ_1005,CL_03,bess,,0.7728,0.6525,0.1203,True,missing_area
2026-04-01 16:15:00,OBJ_1006,CL_04,solar,LV,3.0143,2.6564,0.3579,False,negative_capacity
2026-04-01 16:30:00,OBJ_1004,,hydro,LT,,1.0275,,False,missing_client_id|missing_object_metadata|no_actual
2026-04-01 16:30:00,OBJ_1005,CL_03,bess,,0.6161,0.9505,0.3344,True,missing_area
2026-04-01 16:30:00,OBJ_1006,CL_04,solar,LV,3.0656,2.7635,0.3021,False,negative_capacity
2026-04-01 16:45:00,OBJ_1004,,hydro,LT,,1.0532,,False,missing_client_id|missing_object_metadata|no_actual
2026-04-01 16:45:00,OBJ_1005,CL_03,bess,,0.7333,0.7013,0.032,True,missing_area
2026-04-01 16:45:00,OBJ_1006,CL_04,solar,LV,2.8502,2.4675,0.3827,False,negative_capacity
2026-04-01 17:00:00,OBJ_1004,,hydro,LT,,1.2841,,False,missing_client_id|missing_object_metadata|no_actual
2026-04-01 17:00:00,OBJ_1005,CL_03,bess,,0.7293,0.8358,0.1065,True,missing_area
2026-04-01 17:00:00,OBJ_1006,CL_04,solar,LV,2.7932,2.5553,0.2379,False,negative_capacity
2026-04-01 17:15:00,OBJ_1004,,hydro,LT,,1.3303,,False,missing_client_id|missing_object_metadata|no_actual
2026-04-01 17:15:00,OBJ_1005,CL_03,bess,,0.8502,0.6768,0.1734,True,missing_area
2026-04-01 17:15:00,OBJ_1006,CL_04,solar,LV,2.5103,2.2046,0.3057,False,negative_capacity
2026-04-01 17:30:00,OBJ_1004,,hydro,LT,,1.2121,,False,missing_client_id|missing_object_metadata|no_actual
2026-04-01 17:30:00,OBJ_1005,CL_03,bess,,0.6634,0.936,0.2726,True,missing_area
2026-04-01 17:30:00,OBJ_1006,CL_04,solar,LV,2.2328,2.1853,0.0475,False,negative_capacity
2026-04-01 17:45:00,OBJ_1004,,hydro,LT,,1.2622,,False,missing_client_id|missing_object_metadata|no_actual
2026-04-01 17:45:00,OBJ_1005,CL_03,bess,,0.8035,1.0175,0.214,True,missing_area
2026-04-01 17:45:00,OBJ_1006,CL_04,solar,LV,1.9395,1.8453,0.0942,False,negative_capacity
2026-04-01 18:00:00,OBJ_1004,,hydro,LT,,1.1019,,False,missing_client_id|missing_object_metadata|no_actual
2026-04-01 18:00:00,OBJ_1005,CL_03,bess,,0.7105,1.0847,0.3742,True,missing_area
2026-04-01 18:00:00,OBJ_1006,CL_04,solar,LV,1.891,1.668,0.223,False,negative_capacity
2026-04-01 18:15:00,OBJ_1004,,hydro,LT,,1.0428,,False,missing_client_id|missing_object_metadata|no_actual
2026-04-01 18:15:00,OBJ_1005,CL_03,bess,,0.6594,0.8514,0.192,True,missing_area
2026-04-01 18:15:00,OBJ_1006,CL_04,solar,LV,1.6029,1.5222,0.0807,False,negative_capacity
2026-04-01 18:30:00,OBJ_1004,,hydro,LT,,1.0171,,False,missing_client_id|missing_object_metadata|no_actual
2026-04-01 18:30:00,OBJ_1005,CL_03,bess,,0.9102,0.9737,0.0635,True,missing_area
2026-04-01 18:30:00,OBJ_1006,CL_04,solar,LV,1.273,1.305,0.032,False,negative_capacity
2026-04-01 18:45:00,OBJ_1004,,hydro,LT,,1.1171,,False,missing_client_id|missing_object_metadata|no_actual
2026-04-01 18:45:00,OBJ_1005,CL_03,bess,,0.8009,1.0489,0.248,True,missing_area
2026-04-01 18:45:00,OBJ_1006,CL_04,solar,LV,1.1692,1.2172,0.048,False,negative_capacity
2026-04-01 19:00:00,OBJ_1004,,hydro,LT,,1.1767,,False,missing_client_id|missing_object_metadata|no_actual
2026-04-01 19:00:00,OBJ_1005,CL_03,bess,,0.7878,0.6644,0.1234,True,missing_area
2026-04-01 19:00:00,OBJ_1006,CL_04,solar,LV,0.9967,0.9329,0.0638,False,negative_capacity
2026-04-01 19:15:00,OBJ_1004,,hydro,LT,,1.1678,,False,missing_client_id|missing_object_metadata|no_actual
2026-04-01 19:15:00,OBJ_1005,CL_03,bess,,0.9038,0.6516,0.2522,True,missing_area
2026-04-01 19:15:00,OBJ_1006,CL_04,solar,LV,0.7393,0.6784,0.0609,False,negative_capacity
2026-04-01 19:30:00,OBJ_1004,,hydro,LT,,1.063,,False,missing_client_id|missing_object_metadata|no_actual
2026-04-01 19:30:00,OBJ_1005,CL_03,bess,,0.949,0.9387,0.0103,True,missing_area
2026-04-01 19:30:00,OBJ_1006,CL_04,solar,LV,0.4618,0.4189,0.0429,False,negative_capacity
2026-04-01 19:45:00,OBJ_1004,,hydro,LT,,1.2835,,False,missing_client_id|missing_object_metadata|no_actual
2026-04-01 19:45:00,OBJ_1005,CL_03,bess,,0.917,0.8714,0.0456,True,missing_area
2026-04-01 19:45:00,OBJ_1006,CL_04,solar,LV,0.2209,0.2216,0.0007,False,negative_capacity
2026-04-01 20:00:00,OBJ_1004,,hydro,LT,,1.0737,,False,missing_client_id|missing_object_metadata|no_actual
2026-04-01 20:00:00,OBJ_1005,CL_03,bess,,0.6038,0.7162,0.1124,True,missing_area
2026-04-01 20:00:00,OBJ_1006,CL_04,solar,LV,0.0,0.0,0.0,False,negative_capacity
2026-04-01 20:15:00,OBJ_1004,,hydro,LT,,1.0581,,False,missing_client_id|missing_object_metadata|no_actual
2026-04-01 20:15:00,OBJ_1005,CL_03,bess,,0.9381,0.6118,0.3263,True,missing_area
2026-04-01 20:15:00,OBJ_1006,CL_04,solar,LV,0.0,0.0,0.0,False,negative_capacity
2026-04-01 20:30:00,OBJ_1004,,hydro,LT,,1.1621,,False,missing_client_id|missing_object_metadata|no_actual
2026-04-01 20:30:00,OBJ_1005,CL_03,bess,,0.7098,0.6521,0.0577,True,missing_area
2026-04-01 20:30:00,OBJ_1006,CL_04,solar,LV,0.0,0.0,0.0,False,negative_capacity
2026-04-01 20:45:00,OBJ_1004,,hydro,LT,,1.0838,,False,missing_client_id|missing_object_metadata|no_actual
2026-04-01 20:45:00,OBJ_1005,CL_03,bess,,0.7409,0.891,0.1501,True,missing_area
2026-04-01 20:45:00,OBJ_1006,CL_04,solar,LV,0.0,0.0,0.0,False,negative_capacity
2026-04-01 21:00:00,OBJ_1004,,hydro,LT,,1.1074,,False,missing_client_id|missing_object_metadata|no_actual
2026-04-01 21:00:00,OBJ_1005,CL_03,bess,,0.7763,0.6719,0.1044,True,missing_area
2026-04-01 21:00:00,OBJ_1006,CL_04,solar,LV,0.0,0.0,0.0,False,negative_capacity
2026-04-01 21:15:00,OBJ_1004,,hydro,LT,,1.2228,,False,missing_client_id|missing_object_metadata|no_actual
2026-04-01 21:15:00,OBJ_1005,CL_03,bess,,0.9654,0.8149,0.1505,True,missing_area
2026-04-01 21:15:00,OBJ_1006,CL_04,solar,LV,0.0,0.0,0.0,False,negative_capacity
2026-04-01 21:30:00,OBJ_1004,,hydro,LT,,1.4002,,False,missing_client_id|missing_object_metadata|no_actual
2026-04-01 21:30:00,OBJ_1005,CL_03,bess,,0.9866,0.9126,0.074,True,missing_area
2026-04-01 21:30:00,OBJ_1006,CL_04,solar,LV,0.0,0.0,0.0,False,negative_capacity
2026-04-01 21:45:00,OBJ_1004,,hydro,LT,,1.0568,,False,missing_client_id|missing_object_metadata|no_actual
2026-04-01 21:45:00,OBJ_1005,CL_03,bess,,0.8691,0.894,0.0249,True,missing_area
2026-04-01 21:45:00,OBJ_1006,CL_04,solar,LV,0.0,0.0,0.0,False,negative_capacity
2026-04-01 22:00:00,OBJ_1004,,hydro,LT,,1.1226,,False,missing_client_id|missing_object_metadata|no_actual
2026-04-01 22:00:00,OBJ_1005,CL_03,bess,,0.6885,0.9429,0.2544,True,missing_area
2026-04-01 22:00:00,OBJ_1006,CL_04,solar,LV,0.0,0.0,0.0,False,negative_capacity
2026-04-01 22:15:00,OBJ_1004,,hydro,LT,,1.0952,,False,missing_client_id|missing_object_metadata|no_actual
2026-04-01 22:15:00,OBJ_1005,CL_03,bess,,0.9549,0.6748,0.2801,True,missing_area
2026-04-01 22:15:00,OBJ_1006,CL_04,solar,LV,0.0,0.0,0.0,False,negative_capacity
2026-04-01 22:30:00,OBJ_1004,,hydro,LT,,1.2016,,False,missing_client_id|missing_object_metadata|no_actual
2026-04-01 22:30:00,OBJ_1005,CL_03,bess,,0.7957,0.6651,0.1306,True,missing_area
2026-04-01 22:30:00,OBJ_1006,CL_04,solar,LV,0.0,0.0,0.0,False,negative_capacity
2026-04-01 22:45:00,OBJ_1004,,hydro,LT,,1.0213,,False,missing_client_id|missing_object_metadata|no_actual
2026-04-01 22:45:00,OBJ_1005,CL_03,bess,,0.9911,0.7603,0.2308,True,missing_area
2026-04-01 22:45:00,OBJ_1006,CL_04,solar,LV,0.0,0.0,0.0,False,negative_capacity
2026-04-01 23:00:00,OBJ_1004,,hydro,LT,,1.16,,False,missing_client_id|missing_object_metadata|no_actual
2026-04-01 23:00:00,OBJ_1005,CL_03,bess,,0.9147,0.7837,0.131,True,missing_area
2026-04-01 23:00:00,OBJ_1006,CL_04,solar,LV,0.0,0.0,0.0,False,negative_capacity
2026-04-01 23:15:00,OBJ_1004,,hydro,LT,,1.2867,,False,missing_client_id|missing_object_metadata|no_actual
2026-04-01 23:15:00,OBJ_1005,CL_03,bess,,0.9602,0.5491,0.4111,True,missing_area
2026-04-01 23:15:00,OBJ_1006,CL_04,solar,LV,0.0,0.0,0.0,False,negative_capacity
2026-04-01 23:30:00,OBJ_1004,,hydro,LT,,1.1117,,False,missing_client_id|missing_object_metadata|no_actual
2026-04-01 23:30:00,OBJ_1005,CL_03,bess,,0.6952,0.7775,0.0823,True,missing_area
2026-04-01 23:30:00,OBJ_1006,CL_04,solar,LV,0.0,0.0,0.0,False,negative_capacity
2026-04-01 23:45:00,OBJ_1004,,hydro,LT,,1.1267,,False,missing_client_id|missing_object_metadata|no_actual
2026-04-01 23:45:00,OBJ_1005,CL_03,bess,,0.8015,0.6108,0.1907,True,missing_area
2026-04-01 23:45:00,OBJ_1006,CL_04,solar,LV,0.0,0.0,0.0,False,negative_capacity
2026-04-02 00:00:00,OBJ_1004,,hydro,LT,,1.133,,False,missing_client_id|missing_object_metadata|no_actual
2026-04-02 00:00:00,OBJ_1005,CL_03,bess,,0.8744,0.6639,0.2105,True,missing_area
2026-04-02 00:00:00,OBJ_1006,CL_04,solar,LV,0.0,0.0,0.0,False,negative_capacity
2026-04-02 00:15:00,OBJ_1004,,hydro,LT,,1.0779,,False,missing_client_id|missing_object_metadata|no_actual
2026-04-02 00:15:00,OBJ_1005,CL_03,bess,,0.9979,0.8297,0.1682,True,missing_area
2026-04-02 00:15:00,OBJ_1006,CL_04,solar,LV,0.0,0.0,0.0,False,negative_capacity
2026-04-02 00:30:00,OBJ_1004,,hydro,LT,,1.2014,,False,missing_client_id|missing_object_metadata|no_actual
2026-04-02 00:30:00,OBJ_1005,CL_03,bess,,0.7806,0.7322,0.0484,True,missing_area
2026-04-02 00:30:00,OBJ_1006,CL_04,solar,LV,0.0,0.0,0.0,False,negative_capacity
2026-04-02 00:45:00,OBJ_1004,,hydro,LT,,1.1858,,False,missing_client_id|missing_object_metadata|no_actual
2026-04-02 00:45:00,OBJ_1005,CL_03,bess,,0.6269,0.723,0.0961,True,missing_area
2026-04-02 00:45:00,OBJ_1006,CL_04,solar,LV,0.0,0.0,0.0,False,negative_capacity
2026-04-02 01:00:00,OBJ_1004,,hydro,LT,,1.1626,,False,missing_client_id|missing_object_metadata|no_actual
2026-04-02 01:00:00,OBJ_1005,CL_03,bess,,0.7414,0.9072,0.1658,True,missing_area
2026-04-02 01:00:00,OBJ_1006,CL_04,solar,LV,0.0,0.0,0.0,False,negative_capacity
2026-04-02 01:15:00,OBJ_1004,,hydro,LT,,1.1599,,False,missing_client_id|missing_object_metadata|no_actual
2026-04-02 01:15:00,OBJ_1005,CL_03,bess,,0.6897,0.71,0.0203,True,missing_area
2026-04-02 01:15:00,OBJ_1006,CL_04,solar,LV,0.0,0.0,0.0,False,negative_capacity
2026-04-02 01:30:00,OBJ_1004,,hydro,LT,,1.0609,,False,missing_client_id|missing_object_metadata|no_actual
2026-04-02 01:30:00,OBJ_1005,CL_03,bess,,0.8571,0.653,0.2041,True,missing_area
2026-04-02 01:30:00,OBJ_1006,CL_04,solar,LV,0.0,0.0,0.0,False,negative_capacity
2026-04-02 01:45:00,OBJ_1004,,hydro,LT,,1.0809,,False,missing_client_id|missing_object_metadata|no_actual
2026-04-02 01:45:00,OBJ_1005,CL_03,bess,,0.8265,0.644,0.1825,True,missing_area
2026-04-02 01:45:00,OBJ_1006,CL_04,solar,LV,0.0,0.0,0.0,False,negative_capacity
2026-04-02 02:00:00,OBJ_1004,,hydro,LT,,1.151,,False,missing_client_id|missing_object_metadata|no_actual
2026-04-02 02:00:00,OBJ_1005,CL_03,bess,,0.9107,0.5811,0.3296,True,missing_area
2026-04-02 02:00:00,OBJ_1006,CL_04,solar,LV,0.0,0.0,0.0,False,negative_capacity
2026-04-02 02:15:00,OBJ_1004,,hydro,LT,,1.1361,,False,missing_client_id|missing_object_metadata|no_actual
2026-04-02 02:15:00,OBJ_1005,CL_03,bess,,0.7093,1.0136,0.3043,True,missing_area
2026-04-02 02:15:00,OBJ_1006,CL_04,solar,LV,0.0,0.0,0.0,False,negative_capacity
2026-04-02 02:30:00,OBJ_1004,,hydro,LT,,1.0317,,False,missing_client_id|missing_object_metadata|no_actual
2026-04-02 02:30:00,OBJ_1005,CL_03,bess,,0.6031,0.9484,0.3453,True,missing_area
2026-04-02 02:30:00,OBJ_1006,CL_04,solar,LV,0.0,0.0,0.0,False,negative_capacity
2026-04-02 02:45:00,OBJ_1004,,hydro,LT,,1.3109,,False,missing_client_id|missing_object_metadata|no_actual
2026-04-02 02:45:00,OBJ_1005,CL_03,bess,,0.8001,0.9785,0.1784,True,missing_area
2026-04-02 02:45:00,OBJ_1006,CL_04,solar,LV,0.0,0.0,0.0,False,negative_capacity
2026-04-02 03:00:00,OBJ_1004,,hydro,LT,,1.1316,,False,missing_client_id|missing_object_metadata|no_actual
2026-04-02 03:00:00,OBJ_1005,CL_03,bess,,0.8838,0.7,0.1838,True,missing_area
2026-04-02 03:00:00,OBJ_1006,CL_04,solar,LV,0.0,0.0,0.0,False,negative_capacity
2026-04-02 03:15:00,OBJ_1004,,hydro,LT,,1.1828,,False,missing_client_id|missing_object_metadata|no_actual
2026-04-02 03:15:00,OBJ_1005,CL_03,bess,,0.6973,0.8609,0.1636,True,missing_area
2026-04-02 03:15:00,OBJ_1006,CL_04,solar,LV,0.0,0.0,0.0,False,negative_capacity
2026-04-02 03:30:00,OBJ_1004,,hydro,LT,,1.3489,,False,missing_client_id|missing_object_metadata|no_actual
2026-04-02 03:30:00,OBJ_1005,CL_03,bess,,0.9624,0.8444,0.118,True,missing_area
2026-04-02 03:30:00,OBJ_1006,CL_04,solar,LV,0.0,0.0,0.0,False,negative_capacity
2026-04-02 03:45:00,OBJ_1004,,hydro,LT,,1.0119,,False,missing_client_id|missing_object_metadata|no_actual
2026-04-02 03:45:00,OBJ_1005,CL_03,bess,,0.6709,0.7649,0.094,True,missing_area
2026-04-02 03:45:00,OBJ_1006,CL_04,solar,LV,0.0,0.0,0.0,False,negative_capacity
2026-04-02 04:00:00,OBJ_1004,,hydro,LT,,0.9724,,False,missing_client_id|missing_object_metadata|no_actual
2026-04-02 04:00:00,OBJ_1005,CL_03,bess,,0.8509,0.8212,0.0297,True,missing_area
2026-04-02 04:00:00,OBJ_1006,CL_04,solar,LV,0.0,0.0,0.0,False,negative_capacity
2026-04-02 04:15:00,OBJ_1004,,hydro,LT,,1.1515,,False,missing_client_id|missing_object_metadata|no_actual
2026-04-02 04:15:00,OBJ_1005,CL_03,bess,,0.9327,0.7191,0.2136,True,missing_area
2026-04-02 04:15:00,OBJ_1006,CL_04,solar,LV,0.0,0.0,0.0,False,negative_capacity
2026-04-02 04:30:00,OBJ_1004,,hydro,LT,,1.1731,,False,missing_client_id|missing_object_metadata|no_actual
2026-04-02 04:30:00,OBJ_1005,CL_03,bess,,0.9239,0.702,0.2219,True,missing_area
2026-04-02 04:30:00,OBJ_1006,CL_04,solar,LV,0.0,0.0,0.0,False,negative_capacity
2026-04-02 04:45:00,OBJ_1004,,hydro,LT,,1.1449,,False,missing_client_id|missing_object_metadata|no_actual
2026-04-02 04:45:00,OBJ_1005,CL_03,bess,,0.669,0.8676,0.1986,True,missing_area
2026-04-02 04:45:00,OBJ_1006,CL_04,solar,LV,0.0,0.0,0.0,False,negative_capacity
2026-04-02 05:00:00,OBJ_1004,,hydro,LT,,0.9396,,False,missing_client_id|missing_object_metadata|no_actual
2026-04-02 05:00:00,OBJ_1005,CL_03,bess,,0.9157,0.8198,0.0959,True,missing_area
2026-04-02 05:00:00,OBJ_1006,CL_04,solar,LV,0.0,0.0,0.0,False,negative_capacity
2026-04-02 05:15:00,OBJ_1004,,hydro,LT,,1.2403,,False,missing_client_id|missing_object_metadata|no_actual
2026-04-02 05:15:00,OBJ_1005,CL_03,bess,,0.8331,0.7436,0.0895,True,missing_area
2026-04-02 05:15:00,OBJ_1006,CL_04,solar,LV,0.0,0.0,0.0,False,negative_capacity
2026-04-02 05:30:00,OBJ_1004,,hydro,LT,,1.2039,,False,missing_client_id|missing_object_metadata|no_actual
2026-04-02 05:30:00,OBJ_1005,CL_03,bess,,0.9253,0.8929,0.0324,True,missing_area
2026-04-02 05:30:00,OBJ_1006,CL_04,solar,LV,0.0,0.0,0.0,False,negative_capacity
2026-04-02 05:45:00,OBJ_1004,,hydro,LT,,1.1479,,False,missing_client_id|missing_object_metadata|no_actual
2026-04-02 05:45:00,OBJ_1005,CL_03,bess,,0.6857,0.8481,0.1624,True,missing_area
2026-04-02 05:45:00,OBJ_1006,CL_04,solar,LV,0.0,0.0,0.0,False,negative_capacity
2026-04-02 06:00:00,OBJ_1004,,hydro,LT,,1.112,,False,missing_client_id|missing_object_metadata|no_actual
2026-04-02 06:00:00,OBJ_1005,CL_03,bess,,0.6151,0.7661,0.151,True,missing_area
2026-04-02 06:00:00,OBJ_1006,CL_04,solar,LV,0.0,0.0,0.0,False,negative_capacity
2026-04-02 06:15:00,OBJ_1004,,hydro,LT,,0.9532,,False,missing_client_id|missing_object_metadata|no_actual
2026-04-02 06:15:00,OBJ_1005,CL_03,bess,,0.7643,0.6394,0.1249,True,missing_area
2026-04-02 06:15:00,OBJ_1006,CL_04,solar,LV,0.2401,0.2166,0.0235,False,negative_capacity
2026-04-02 06:30:00,OBJ_1004,,hydro,LT,,1.0361,,False,missing_client_id|missing_object_metadata|no_actual
2026-04-02 06:30:00,OBJ_1005,CL_03,bess,,0.934,1.0299,0.0959,True,missing_area
2026-04-02 06:30:00,OBJ_1006,CL_04,solar,LV,0.4561,0.5475,0.0914,False,negative_capacity
2026-04-02 06:45:00,OBJ_1004,,hydro,LT,,1.0174,,False,missing_client_id|missing_object_metadata|no_actual
2026-04-02 06:45:00,OBJ_1005,CL_03,bess,,0.6554,0.9035,0.2481,True,missing_area
2026-04-02 06:45:00,OBJ_1006,CL_04,solar,LV,0.669,0.6626,0.0064,False,negative_capacity
2026-04-02 07:00:00,OBJ_1004,,hydro,LT,,1.1775,,False,missing_client_id|missing_object_metadata|no_actual
2026-04-02 07:00:00,OBJ_1005,CL_03,bess,,0.9621,0.7256,0.2365,True,missing_area
2026-04-02 07:00:00,OBJ_1006,CL_04,solar,LV,0.8733,1.0048,0.1315,False,negative_capacity
2026-04-02 07:15:00,OBJ_1004,,hydro,LT,,1.1773,,False,missing_client_id|missing_object_metadata|no_actual
2026-04-02 07:15:00,OBJ_1005,CL_03,bess,,0.9978,0.6617,0.3361,True,missing_area
2026-04-02 07:15:00,OBJ_1006,CL_04,solar,LV,1.129,1.0992,0.0298,False,negative_capacity
2026-04-02 07:30:00,OBJ_1004,,hydro,LT,,1.0036,,False,missing_client_id|missing_object_metadata|no_actual
2026-04-02 07:30:00,OBJ_1005,CL_03,bess,,0.6555,0.6659,0.0104,True,missing_area
2026-04-02 07:30:00,OBJ_1006,CL_04,solar,LV,1.4206,1.289,0.1316,False,negative_capacity
2026-04-02 07:45:00,OBJ_1004,,hydro,LT,,1.3187,,False,missing_client_id|missing_object_metadata|no_actual
2026-04-02 07:45:00,OBJ_1005,CL_03,bess,,0.7152,0.912,0.1968,True,missing_area
2026-04-02 07:45:00,OBJ_1006,CL_04,solar,LV,1.5416,1.6198,0.0782,False,negative_capacity
2026-04-02 08:00:00,OBJ_1004,,hydro,LT,,1.0882,,False,missing_client_id|missing_object_metadata|no_actual
2026-04-02 08:00:00,OBJ_1005,CL_03,bess,,0.6968,0.8114,0.1146,True,missing_area
2026-04-02 08:00:00,OBJ_1006,CL_04,solar,LV,1.7017,1.7735,0.0718,False,negative_capacity
2026-04-02 08:15:00,OBJ_1004,,hydro,LT,,1.2952,,False,missing_client_id|missing_object_metadata|no_actual
2026-04-02 08:15:00,OBJ_1005,CL_03,bess,,0.8029,0.8531,0.0502,True,missing_area
2026-04-02 08:15:00,OBJ_1006,CL_04,solar,LV,2.1729,1.8416,0.3313,False,negative_capacity
2026-04-02 08:30:00,OBJ_1004,,hydro,LT,,1.1965,,False,missing_client_id|missing_object_metadata|no_actual
2026-04-02 08:30:00,OBJ_1005,CL_03,bess,,0.8932,0.7998,0.0934,True,missing_area
2026-04-02 08:30:00,OBJ_1006,CL_04,solar,LV,2.2606,2.4774,0.2168,False,negative_capacity
2026-04-02 08:45:00,OBJ_1004,,hydro,LT,,1.2039,,False,missing_client_id|missing_object_metadata|no_actual
2026-04-02 08:45:00,OBJ_1005,CL_03,bess,,0.8782,0.8032,0.075,True,missing_area
2026-04-02 08:45:00,OBJ_1006,CL_04,solar,LV,2.4602,2.2088,0.2514,False,negative_capacity
2026-04-02 09:00:00,OBJ_1004,,hydro,LT,,1.3635,,False,missing_client_id|missing_object_metadata|no_actual
2026-04-02 09:00:00,OBJ_1005,CL_03,bess,,0.8062,0.7795,0.0267,True,missing_area
2026-04-02 09:00:00,OBJ_1006,CL_04,solar,LV,2.8011,2.8886,0.0875,False,negative_capacity
2026-04-02 09:15:00,OBJ_1004,,hydro,LT,,1.0643,,False,missing_client_id|missing_object_metadata|no_actual
2026-04-02 09:15:00,OBJ_1005,CL_03,bess,,0.7472,0.5867,0.1605,True,missing_area
2026-04-02 09:15:00,OBJ_1006,CL_04,solar,LV,2.9489,2.7505,0.1984,False,negative_capacity
2026-04-02 09:30:00,OBJ_1004,,hydro,LT,,0.9957,,False,missing_client_id|missing_object_metadata|no_actual
2026-04-02 09:30:00,OBJ_1005,CL_03,bess,,0.8908,0.8801,0.0107,True,missing_area
2026-04-02 09:30:00,OBJ_1006,CL_04,solar,LV,2.7424,2.7638,0.0214,False,negative_capacity
2026-04-02 09:45:00,OBJ_1004,,hydro,LT,,1.2368,,False,missing_client_id|missing_object_metadata|no_actual
2026-04-02 09:45:00,OBJ_1005,CL_03,bess,,0.8759,0.8123,0.0636,True,missing_area
2026-04-02 09:45:00,OBJ_1006,CL_04,solar,LV,3.029,2.835,0.194,False,negative_capacity
2026-04-02 10:00:00,OBJ_1004,,hydro,LT,,1.0669,,False,missing_client_id|missing_object_metadata|no_actual
2026-04-02 10:00:00,OBJ_1005,CL_03,bess,,-0.9453,-0.9191,0.0262,True,missing_area
2026-04-02 10:00:00,OBJ_1006,CL_04,solar,LV,3.4133,3.1464,0.2669,False,negative_capacity
2026-04-02 10:15:00,OBJ_1004,,hydro,LT,,1.2298,,False,missing_client_id|missing_object_metadata|no_actual
2026-04-02 10:15:00,OBJ_1005,CL_03,bess,,-0.9531,-1.1304,0.1773,True,missing_area
2026-04-02 10:15:00,OBJ_1006,CL_04,solar,LV,3.4318,3.487,0.0552,False,negative_capacity
2026-04-02 10:30:00,OBJ_1004,,hydro,LT,,1.0243,,False,missing_client_id|missing_object_metadata|no_actual
2026-04-02 10:30:00,OBJ_1005,CL_03,bess,,-0.8998,-1.2323,0.3325,True,missing_area
2026-04-02 10:30:00,OBJ_1006,CL_04,solar,LV,3.3036,3.9565,0.6529,False,negative_capacity
2026-04-02 10:45:00,OBJ_1004,,hydro,LT,,1.0174,,False,missing_client_id|missing_object_metadata|no_actual
2026-04-02 10:45:00,OBJ_1005,CL_03,bess,,-1.1666,-0.9783,0.1883,True,missing_area
2026-04-02 10:45:00,OBJ_1006,CL_04,solar,LV,3.6379,4.2347,0.5968,False,negative_capacity
2026-04-02 11:00:00,OBJ_1004,,hydro,LT,,1.2592,,False,missing_client_id|missing_object_metadata|no_actual
2026-04-02 11:00:00,OBJ_1005,CL_03,bess,,-0.939,-1.1321,0.1931,True,missing_area
2026-04-02 11:00:00,OBJ_1006,CL_04,solar,LV,3.4857,4.1835,0.6978,False,negative_capacity
2026-04-02 11:15:00,OBJ_1004,,hydro,LT,,0.9475,,False,missing_client_id|missing_object_metadata|no_actual
2026-04-02 11:15:00,OBJ_1005,CL_03,bess,,-0.8804,-0.8023,0.0781,True,missing_area
2026-04-02 11:15:00,OBJ_1006,CL_04,solar,LV,3.6204,3.4372,0.1832,False,negative_capacity
2026-04-02 11:30:00,OBJ_1004,,hydro,LT,,1.1969,,False,missing_client_id|missing_object_metadata|no_actual
2026-04-02 11:30:00,OBJ_1005,CL_03,bess,,-1.1998,-1.0563,0.1435,True,missing_area
2026-04-02 11:30:00,OBJ_1006,CL_04,solar,LV,4.0684,4.0647,0.0037,False,negative_capacity
2026-04-02 11:45:00,OBJ_1004,,hydro,LT,,1.0081,,False,missing_client_id|missing_object_metadata|no_actual
2026-04-02 11:45:00,OBJ_1005,CL_03,bess,,-1.1512,-0.939,0.2122,True,missing_area
2026-04-02 11:45:00,OBJ_1006,CL_04,solar,LV,4.1816,3.6156,0.566,False,negative_capacity
2026-04-02 12:00:00,OBJ_1001,CL_01,solar,LV,-0.2,3.8382,4.0382,False,negative_actual_invalid_type
2026-04-02 12:00:00,OBJ_1004,,hydro,LT,,1.216,,False,missing_client_id|missing_object_metadata|no_actual
2026-04-02 12:00:00,OBJ_1005,CL_03,bess,,-0.9291,-0.9037,0.0254,True,missing_area
2026-04-02 12:00:00,OBJ_1006,CL_04,solar,LV,4.1959,3.6453,0.5506,False,negative_capacity
2026-04-02 12:15:00,OBJ_1004,,hydro,LT,,1.0134,,False,missing_client_id|missing_object_metadata|no_actual
2026-04-02 12:15:00,OBJ_1005,CL_03,bess,,-1.0134,-0.9825,0.0309,True,missing_area
2026-04-02 12:15:00,OBJ_1006,CL_04,solar,LV,4.1054,4.5667,0.4613,False,negative_capacity
2026-04-02 12:30:00,OBJ_1004,,hydro,LT,,1.0573,,False,missing_client_id|missing_object_metadata|no_actual
2026-04-02 12:30:00,OBJ_1005,CL_03,bess,,-0.8113,-1.2244,0.4131,True,missing_area
2026-04-02 12:30:00,OBJ_1006,CL_04,solar,LV,3.8314,4.503,0.6716,False,negative_capacity
2026-04-02 12:45:00,OBJ_1004,,hydro,LT,,1.1185,,False,missing_client_id|missing_object_metadata|no_actual
2026-04-02 12:45:00,OBJ_1005,CL_03,bess,,-1.1827,-1.0925,0.0902,True,missing_area
2026-04-02 12:45:00,OBJ_1006,CL_04,solar,LV,4.1445,4.8325,0.688,False,negative_capacity
2026-04-02 13:00:00,OBJ_1004,,hydro,LT,,1.1484,,False,missing_client_id|missing_object_metadata|no_actual
2026-04-02 13:00:00,OBJ_1005,CL_03,bess,,-0.925,-1.093,0.168,True,missing_area
2026-04-02 13:00:00,OBJ_1006,CL_04,solar,LV,4.3099,3.6191,0.6908,False,negative_capacity
2026-04-02 13:15:00,OBJ_1004,,hydro,LT,,0.9752,,False,missing_client_id|missing_object_metadata|no_actual
2026-04-02 13:15:00,OBJ_1005,CL_03,bess,,-0.8992,-0.9278,0.0286,True,missing_area
2026-04-02 13:15:00,OBJ_1006,CL_04,solar,LV,3.8842,3.8606,0.0236,False,negative_capacity
2026-04-02 13:30:00,OBJ_1004,,hydro,LT,,1.3387,,False,missing_client_id|missing_object_metadata|no_actual
2026-04-02 13:30:00,OBJ_1005,CL_03,bess,,-1.1052,-0.8949,0.2103,True,missing_area
2026-04-02 13:30:00,OBJ_1006,CL_04,solar,LV,4.1352,4.0378,0.0974,False,negative_capacity
2026-04-02 13:45:00,OBJ_1004,,hydro,LT,,1.1398,,False,missing_client_id|missing_object_metadata|no_actual
2026-04-02 13:45:00,OBJ_1005,CL_03,bess,,-0.8202,-0.9186,0.0984,True,missing_area
2026-04-02 13:45:00,OBJ_1006,CL_04,solar,LV,4.1003,3.8605,0.2398,False,negative_capacity
2026-04-02 14:00:00,OBJ_1004,,hydro,LT,,1.0557,,False,missing_client_id|missing_object_metadata|no_actual
2026-04-02 14:00:00,OBJ_1005,CL_03,bess,,-0.9464,-0.8546,0.0918,True,missing_area
2026-04-02 14:00:00,OBJ_1006,CL_04,solar,LV,3.9927,4.004,0.0113,False,negative_capacity
2026-04-02 14:15:00,OBJ_1004,,hydro,LT,,1.1367,,False,missing_client_id|missing_object_metadata|no_actual
2026-04-02 14:15:00,OBJ_1005,CL_03,bess,,-0.8475,-1.014,0.1665,True,missing_area
2026-04-02 14:15:00,OBJ_1006,CL_04,solar,LV,4.308,3.8723,0.4357,False,negative_capacity
2026-04-02 14:30:00,OBJ_1004,,hydro,LT,,1.1994,,False,missing_client_id|missing_object_metadata|no_actual
2026-04-02 14:30:00,OBJ_1005,CL_03,bess,,-0.8548,-1.0541,0.1993,True,missing_area
2026-04-02 14:30:00,OBJ_1006,CL_04,solar,LV,3.8225,4.2621,0.4396,False,negative_capacity
2026-04-02 14:45:00,OBJ_1004,,hydro,LT,,1.1503,,False,missing_client_id|missing_object_metadata|no_actual
2026-04-02 14:45:00,OBJ_1005,CL_03,bess,,-0.9197,-1.2562,0.3365,True,missing_area
2026-04-02 14:45:00,OBJ_1006,CL_04,solar,LV,3.7436,3.5616,0.182,False,negative_capacity
2026-04-02 15:00:00,OBJ_1004,,hydro,LT,,0.9299,,False,missing_client_id|missing_object_metadata|no_actual
2026-04-02 15:00:00,OBJ_1005,CL_03,bess,,0.9187,0.8739,0.0448,True,missing_area
2026-04-02 15:00:00,OBJ_1006,CL_04,solar,LV,3.8873,3.3911,0.4962,False,negative_capacity
2026-04-02 15:15:00,OBJ_1004,,hydro,LT,,0.9596,,False,missing_client_id|missing_object_metadata|no_actual
2026-04-02 15:15:00,OBJ_1005,CL_03,bess,,0.6682,0.6387,0.0295,True,missing_area
2026-04-02 15:15:00,OBJ_1006,CL_04,solar,LV,3.7193,4.0344,0.3151,False,negative_capacity
2026-04-02 15:30:00,OBJ_1004,,hydro,LT,,1.0223,,False,missing_client_id|missing_object_metadata|no_actual
2026-04-02 15:30:00,OBJ_1005,CL_03,bess,,0.6606,0.6598,0.0008,True,missing_area
2026-04-02 15:30:00,OBJ_1006,CL_04,solar,LV,3.6334,3.5092,0.1242,False,negative_capacity
2026-04-02 15:45:00,OBJ_1004,,hydro,LT,,1.0855,,False,missing_client_id|missing_object_metadata|no_actual
2026-04-02 15:45:00,OBJ_1005,CL_03,bess,,0.8649,0.8118,0.0531,True,missing_area
2026-04-02 15:45:00,OBJ_1006,CL_04,solar,LV,3.4088,3.1083,0.3005,False,negative_capacity
2026-04-02 16:00:00,OBJ_1004,,hydro,LT,,1.1228,,False,missing_client_id|missing_object_metadata|no_actual
2026-04-02 16:00:00,OBJ_1005,CL_03,bess,,0.844,0.8354,0.0086,True,missing_area
2026-04-02 16:00:00,OBJ_1006,CL_04,solar,LV,3.092,3.5081,0.4161,False,negative_capacity
2026-04-02 16:15:00,OBJ_1004,,hydro,LT,,1.017,,False,missing_client_id|missing_object_metadata|no_actual
2026-04-02 16:15:00,OBJ_1005,CL_03,bess,,0.7395,0.8002,0.0607,True,missing_area
2026-04-02 16:15:00,OBJ_1006,CL_04,solar,LV,3.322,3.2315,0.0905,False,negative_capacity
2026-04-02 16:30:00,OBJ_1004,,hydro,LT,,1.1831,,False,missing_client_id|missing_object_metadata|no_actual
2026-04-02 16:30:00,OBJ_1005,CL_03,bess,,0.7162,0.8359,0.1197,True,missing_area
2026-04-02 16:30:00,OBJ_1006,CL_04,solar,LV,2.842,2.8693,0.0273,False,negative_capacity
2026-04-02 16:45:00,OBJ_1004,,hydro,LT,,1.003,,False,missing_client_id|missing_object_metadata|no_actual
2026-04-02 16:45:00,OBJ_1005,CL_03,bess,,0.6549,0.6416,0.0133,True,missing_area
2026-04-02 16:45:00,OBJ_1006,CL_04,solar,LV,2.8257,2.8707,0.045,False,negative_capacity
2026-04-02 17:00:00,OBJ_1004,,hydro,LT,,1.3003,,False,missing_client_id|missing_object_metadata|no_actual
2026-04-02 17:00:00,OBJ_1005,CL_03,bess,,0.9083,0.6666,0.2417,True,missing_area
2026-04-02 17:00:00,OBJ_1006,CL_04,solar,LV,2.387,2.3578,0.0292,False,negative_capacity
2026-04-02 17:15:00,OBJ_1004,,hydro,LT,,1.0798,,False,missing_client_id|missing_object_metadata|no_actual
2026-04-02 17:15:00,OBJ_1005,CL_03,bess,,0.8584,0.6247,0.2337,True,missing_area
2026-04-02 17:15:00,OBJ_1006,CL_04,solar,LV,2.5681,2.4052,0.1629,False,negative_capacity
2026-04-02 17:30:00,OBJ_1004,,hydro,LT,,1.1152,,False,missing_client_id|missing_object_metadata|no_actual
2026-04-02 17:30:00,OBJ_1005,CL_03,bess,,0.9679,0.7896,0.1783,True,missing_area
2026-04-02 17:30:00,OBJ_1006,CL_04,solar,LV,2.3931,2.2523,0.1408,False,negative_capacity
2026-04-02 17:45:00,OBJ_1004,,hydro,LT,,1.308,,False,missing_client_id|missing_object_metadata|no_actual
2026-04-02 17:45:00,OBJ_1005,CL_03,bess,,0.9932,0.7755,0.2177,True,missing_area
2026-04-02 17:45:00,OBJ_1006,CL_04,solar,LV,1.9431,2.2486,0.3055,False,negative_capacity
2026-04-02 18:00:00,OBJ_1004,,hydro,LT,,1.1844,,False,missing_client_id|missing_object_metadata|no_actual
2026-04-02 18:00:00,OBJ_1005,CL_03,bess,,0.7836,0.7477,0.0359,True,missing_area
2026-04-02 18:00:00,OBJ_1006,CL_04,solar,LV,1.735,1.8102,0.0752,False,negative_capacity
2026-04-02 18:15:00,OBJ_1004,,hydro,LT,,1.0751,,False,missing_client_id|missing_object_metadata|no_actual
2026-04-02 18:15:00,OBJ_1005,CL_03,bess,,0.8061,0.5888,0.2173,True,missing_area
2026-04-02 18:15:00,OBJ_1006,CL_04,solar,LV,1.4862,1.3776,0.1086,False,negative_capacity
2026-04-02 18:30:00,OBJ_1004,,hydro,LT,,1.1233,,False,missing_client_id|missing_object_metadata|no_actual
2026-04-02 18:30:00,OBJ_1005,CL_03,bess,,0.7208,0.9866,0.2658,True,missing_area
2026-04-02 18:30:00,OBJ_1006,CL_04,solar,LV,1.4245,1.5288,0.1043,False,negative_capacity
2026-04-02 18:45:00,OBJ_1004,,hydro,LT,,1.2162,,False,missing_client_id|missing_object_metadata|no_actual
2026-04-02 18:45:00,OBJ_1005,CL_03,bess,,0.8814,0.5584,0.323,True,missing_area
2026-04-02 18:45:00,OBJ_1006,CL_04,solar,LV,1.117,1.1363,0.0193,False,negative_capacity
2026-04-02 19:00:00,OBJ_1004,,hydro,LT,,1.0328,,False,missing_client_id|missing_object_metadata|no_actual
2026-04-02 19:00:00,OBJ_1005,CL_03,bess,,0.7663,0.7572,0.0091,True,missing_area
2026-04-02 19:00:00,OBJ_1006,CL_04,solar,LV,0.9336,0.9551,0.0215,False,negative_capacity
2026-04-02 19:15:00,OBJ_1004,,hydro,LT,,0.9487,,False,missing_client_id|missing_object_metadata|no_actual
2026-04-02 19:15:00,OBJ_1005,CL_03,bess,,0.8815,0.725,0.1565,True,missing_area
2026-04-02 19:15:00,OBJ_1006,CL_04,solar,LV,0.6495,0.6572,0.0077,False,negative_capacity
2026-04-02 19:30:00,OBJ_1004,,hydro,LT,,1.2582,,False,missing_client_id|missing_object_metadata|no_actual
2026-04-02 19:30:00,OBJ_1005,CL_03,bess,,0.6822,0.6632,0.019,True,missing_area
2026-04-02 19:30:00,OBJ_1006,CL_04,solar,LV,0.4723,0.4153,0.057,False,negative_capacity
2026-04-02 19:45:00,OBJ_1004,,hydro,LT,,1.1163,,False,missing_client_id|missing_object_metadata|no_actual
2026-04-02 19:45:00,OBJ_1005,CL_03,bess,,0.8893,0.9268,0.0375,True,missing_area
2026-04-02 19:45:00,OBJ_1006,CL_04,solar,LV,0.2295,0.2344,0.0049,False,negative_capacity
2026-04-02 20:00:00,OBJ_1004,,hydro,LT,,1.1199,,False,missing_client_id|missing_object_metadata|no_actual
2026-04-02 20:00:00,OBJ_1005,CL_03,bess,,0.9735,0.7348,0.2387,True,missing_area
2026-04-02 20:00:00,OBJ_1006,CL_04,solar,LV,0.0,0.0,0.0,False,negative_capacity
2026-04-02 20:15:00,OBJ_1004,,hydro,LT,,1.2134,,False,missing_client_id|missing_object_metadata|no_actual
2026-04-02 20:15:00,OBJ_1005,CL_03,bess,,0.9627,1.0325,0.0698,True,missing_area
2026-04-02 20:15:00,OBJ_1006,CL_04,solar,LV,0.0,0.0,0.0,False,negative_capacity
2026-04-02 20:30:00,OBJ_1004,,hydro,LT,,1.0986,,False,missing_client_id|missing_object_metadata|no_actual
2026-04-02 20:30:00,OBJ_1005,CL_03,bess,,0.6891,0.8165,0.1274,True,missing_area
2026-04-02 20:30:00,OBJ_1006,CL_04,solar,LV,0.0,0.0,0.0,False,negative_capacity
2026-04-02 20:45:00,OBJ_1004,,hydro,LT,,1.0711,,False,missing_client_id|missing_object_metadata|no_actual
2026-04-02 20:45:00,OBJ_1005,CL_03,bess,,0.975,0.7434,0.2316,True,missing_area
2026-04-02 20:45:00,OBJ_1006,CL_04,solar,LV,0.0,0.0,0.0,False,negative_capacity
2026-04-02 21:00:00,OBJ_1004,,hydro,LT,,1.0293,,False,missing_client_id|missing_object_metadata|no_actual
2026-04-02 21:00:00,OBJ_1005,CL_03,bess,,0.8391,0.9133,0.0742,True,missing_area
2026-04-02 21:00:00,OBJ_1006,CL_04,solar,LV,0.0,0.0,0.0,False,negative_capacity
2026-04-02 21:15:00,OBJ_1004,,hydro,LT,,1.1148,,False,missing_client_id|missing_object_metadata|no_actual
2026-04-02 21:15:00,OBJ_1005,CL_03,bess,,0.9263,0.7528,0.1735,True,missing_area
2026-04-02 21:15:00,OBJ_1006,CL_04,solar,LV,0.0,0.0,0.0,False,negative_capacity
2026-04-02 21:30:00,OBJ_1004,,hydro,LT,,1.1823,,False,missing_client_id|missing_object_metadata|no_actual
2026-04-02 21:30:00,OBJ_1005,CL_03,bess,,0.6244,0.8888,0.2644,True,missing_area
2026-04-02 21:30:00,OBJ_1006,CL_04,solar,LV,0.0,0.0,0.0,False,negative_capacity
2026-04-02 21:45:00,OBJ_1004,,hydro,LT,,1.2265,,False,missing_client_id|missing_object_metadata|no_actual
2026-04-02 21:45:00,OBJ_1005,CL_03,bess,,0.7275,0.7571,0.0296,True,missing_area
2026-04-02 21:45:00,OBJ_1006,CL_04,solar,LV,0.0,0.0,0.0,False,negative_capacity
2026-04-02 22:00:00,OBJ_1004,,hydro,LT,,1.2142,,False,missing_client_id|missing_object_metadata|no_actual
2026-04-02 22:00:00,OBJ_1005,CL_03,bess,,0.825,0.6351,0.1899,True,missing_area
2026-04-02 22:00:00,OBJ_1006,CL_04,solar,LV,0.0,0.0,0.0,False,negative_capacity
2026-04-02 22:15:00,OBJ_1004,,hydro,LT,,1.1301,,False,missing_client_id|missing_object_metadata|no_actual
2026-04-02 22:15:00,OBJ_1005,CL_03,bess,,0.6762,0.7278,0.0516,True,missing_area
2026-04-02 22:15:00,OBJ_1006,CL_04,solar,LV,0.0,0.0,0.0,False,negative_capacity
2026-04-02 22:30:00,OBJ_1004,,hydro,LT,,1.1928,,False,missing_client_id|missing_object_metadata|no_actual
2026-04-02 22:30:00,OBJ_1005,CL_03,bess,,0.7332,0.6033,0.1299,True,missing_area
2026-04-02 22:30:00,OBJ_1006,CL_04,solar,LV,0.0,0.0,0.0,False,negative_capacity
2026-04-02 22:45:00,OBJ_1004,,hydro,LT,,1.0834,,False,missing_client_id|missing_object_metadata|no_actual
2026-04-02 22:45:00,OBJ_1005,CL_03,bess,,0.9661,0.6809,0.2852,True,missing_area
2026-04-02 22:45:00,OBJ_1006,CL_04,solar,LV,0.0,0.0,0.0,False,negative_capacity
2026-04-02 23:00:00,OBJ_1004,,hydro,LT,,1.1852,,False,missing_client_id|missing_object_metadata|no_actual
2026-04-02 23:00:00,OBJ_1005,CL_03,bess,,0.7878,0.5968,0.191,True,missing_area
2026-04-02 23:00:00,OBJ_1006,CL_04,solar,LV,0.0,0.0,0.0,False,negative_capacity
2026-04-02 23:15:00,OBJ_1004,,hydro,LT,,1.2512,,False,missing_client_id|missing_object_metadata|no_actual
2026-04-02 23:15:00,OBJ_1005,CL_03,bess,,0.767,1.0515,0.2845,True,missing_area
2026-04-02 23:15:00,OBJ_1006,CL_04,solar,LV,0.0,0.0,0.0,False,negative_capacity
2026-04-02 23:30:00,OBJ_1004,,hydro,LT,,1.1466,,False,missing_client_id|missing_object_metadata|no_actual
2026-04-02 23:30:00,OBJ_1005,CL_03,bess,,0.8567,0.8332,0.0235,True,missing_area
2026-04-02 23:30:00,OBJ_1006,CL_04,solar,LV,0.0,0.0,0.0,False,negative_capacity
2026-04-02 23:45:00,OBJ_1004,,hydro,LT,,1.1773,,False,missing_client_id|missing_object_metadata|no_actual
2026-04-02 23:45:00,OBJ_1005,CL_03,bess,,0.6135,0.9199,0.3064,True,missing_area
2026-04-02 23:45:00,OBJ_1006,CL_04,solar,LV,0.0,0.0,0.0,False,negative_capacity
2026-04-03 00:00:00,OBJ_1004,,hydro,LT,,1.2112,,False,missing_client_id|missing_object_metadata|no_actual
2026-04-03 00:00:00,OBJ_1005,CL_03,bess,,0.7493,0.9913,0.242,True,missing_area
2026-04-03 00:00:00,OBJ_1006,CL_04,solar,LV,0.0,0.0,0.0,False,negative_capacity
2026-04-03 00:15:00,OBJ_1004,,hydro,LT,,1.0043,,False,missing_client_id|missing_object_metadata|no_actual
2026-04-03 00:15:00,OBJ_1005,CL_03,bess,,0.991,0.7285,0.2625,True,missing_area
2026-04-03 00:15:00,OBJ_1006,CL_04,solar,LV,0.0,0.0,0.0,False,negative_capacity
2026-04-03 00:30:00,OBJ_1004,,hydro,LT,,1.117,,False,missing_client_id|missing_object_metadata|no_actual
2026-04-03 00:30:00,OBJ_1005,CL_03,bess,,0.9261,0.895,0.0311,True,missing_area
2026-04-03 00:30:00,OBJ_1006,CL_04,solar,LV,0.0,0.0,0.0,False,negative_capacity
2026-04-03 00:45:00,OBJ_1004,,hydro,LT,,1.1464,,False,missing_client_id|missing_object_metadata|no_actual
2026-04-03 00:45:00,OBJ_1005,CL_03,bess,,0.9433,0.9474,0.0041,True,missing_area
2026-04-03 00:45:00,OBJ_1006,CL_04,solar,LV,0.0,0.0,0.0,False,negative_capacity
2026-04-03 01:00:00,OBJ_1004,,hydro,LT,,1.2556,,False,missing_client_id|missing_object_metadata|no_actual
2026-04-03 01:00:00,OBJ_1005,CL_03,bess,,0.8263,0.716,0.1103,True,missing_area
2026-04-03 01:00:00,OBJ_1006,CL_04,solar,LV,0.0,0.0,0.0,False,negative_capacity
2026-04-03 01:15:00,OBJ_1004,,hydro,LT,,1.209,,False,missing_client_id|missing_object_metadata|no_actual
2026-04-03 01:15:00,OBJ_1005,CL_03,bess,,0.9702,0.9006,0.0696,True,missing_area
2026-04-03 01:15:00,OBJ_1006,CL_04,solar,LV,0.0,0.0,0.0,False,negative_capacity
2026-04-03 01:30:00,OBJ_1004,,hydro,LT,,1.0349,,False,missing_client_id|missing_object_metadata|no_actual
2026-04-03 01:30:00,OBJ_1005,CL_03,bess,,0.6308,0.6132,0.0176,True,missing_area
2026-04-03 01:30:00,OBJ_1006,CL_04,solar,LV,0.0,0.0,0.0,False,negative_capacity
2026-04-03 01:45:00,OBJ_1004,,hydro,LT,,1.0982,,False,missing_client_id|missing_object_metadata|no_actual
2026-04-03 01:45:00,OBJ_1005,CL_03,bess,,0.8003,0.7295,0.0708,True,missing_area
2026-04-03 01:45:00,OBJ_1006,CL_04,solar,LV,0.0,0.0,0.0,False,negative_capacity
2026-04-03 02:00:00,OBJ_1004,,hydro,LT,,0.9584,,False,missing_client_id|missing_object_metadata|no_actual
2026-04-03 02:00:00,OBJ_1005,CL_03,bess,,0.7093,0.6717,0.0376,True,missing_area
2026-04-03 02:00:00,OBJ_1006,CL_04,solar,LV,0.0,0.0,0.0,False,negative_capacity
2026-04-03 02:15:00,OBJ_1004,,hydro,LT,,1.1943,,False,missing_client_id|missing_object_metadata|no_actual
2026-04-03 02:15:00,OBJ_1005,CL_03,bess,,0.8852,0.7506,0.1346,True,missing_area
2026-04-03 02:15:00,OBJ_1006,CL_04,solar,LV,0.0,0.0,0.0,False,negative_capacity
2026-04-03 02:30:00,OBJ_1004,,hydro,LT,,1.0909,,False,missing_client_id|missing_object_metadata|no_actual
2026-04-03 02:30:00,OBJ_1005,CL_03,bess,,0.7079,0.7508,0.0429,True,missing_area
2026-04-03 02:30:00,OBJ_1006,CL_04,solar,LV,0.0,0.0,0.0,False,negative_capacity
2026-04-03 02:45:00,OBJ_1004,,hydro,LT,,0.9889,,False,missing_client_id|missing_object_metadata|no_actual
2026-04-03 02:45:00,OBJ_1005,CL_03,bess,,0.7541,0.7197,0.0344,True,missing_area
2026-04-03 02:45:00,OBJ_1006,CL_04,solar,LV,0.0,0.0,0.0,False,negative_capacity
2026-04-03 03:00:00,OBJ_1004,,hydro,LT,,1.0677,,False,missing_client_id|missing_object_metadata|no_actual
2026-04-03 03:00:00,OBJ_1005,CL_03,bess,,0.7205,0.9439,0.2234,True,missing_area
2026-04-03 03:00:00,OBJ_1006,CL_04,solar,LV,0.0,0.0,0.0,False,negative_capacity
2026-04-03 03:15:00,OBJ_1004,,hydro,LT,,1.3321,,False,missing_client_id|missing_object_metadata|no_actual
2026-04-03 03:15:00,OBJ_1005,CL_03,bess,,0.6782,0.8425,0.1643,True,missing_area
2026-04-03 03:15:00,OBJ_1006,CL_04,solar,LV,0.0,0.0,0.0,False,negative_capacity
2026-04-03 03:30:00,OBJ_1004,,hydro,LT,,1.2704,,False,missing_client_id|missing_object_metadata|no_actual
2026-04-03 03:30:00,OBJ_1005,CL_03,bess,,0.9897,0.7513,0.2384,True,missing_area
2026-04-03 03:30:00,OBJ_1006,CL_04,solar,LV,0.0,0.0,0.0,False,negative_capacity
2026-04-03 03:45:00,OBJ_1004,,hydro,LT,,1.1282,,False,missing_client_id|missing_object_metadata|no_actual
2026-04-03 03:45:00,OBJ_1005,CL_03,bess,,0.8304,0.7957,0.0347,True,missing_area
2026-04-03 03:45:00,OBJ_1006,CL_04,solar,LV,0.0,0.0,0.0,False,negative_capacity
2026-04-03 04:00:00,OBJ_1004,,hydro,LT,,1.1418,,False,missing_client_id|missing_object_metadata|no_actual
2026-04-03 04:00:00,OBJ_1005,CL_03,bess,,0.9812,0.7939,0.1873,True,missing_area
2026-04-03 04:00:00,OBJ_1006,CL_04,solar,LV,0.0,0.0,0.0,False,negative_capacity
2026-04-03 04:15:00,OBJ_1004,,hydro,LT,,1.2601,,False,missing_client_id|missing_object_metadata|no_actual
2026-04-03 04:15:00,OBJ_1005,CL_03,bess,,0.6968,0.8326,0.1358,True,missing_area
2026-04-03 04:15:00,OBJ_1006,CL_04,solar,LV,0.0,0.0,0.0,False,negative_capacity
2026-04-03 04:30:00,OBJ_1004,,hydro,LT,,1.1413,,False,missing_client_id|missing_object_metadata|no_actual
2026-04-03 04:30:00,OBJ_1005,CL_03,bess,,0.8175,0.8065,0.011,True,missing_area
2026-04-03 04:30:00,OBJ_1006,CL_04,solar,LV,0.0,0.0,0.0,False,negative_capacity
2026-04-03 04:45:00,OBJ_1004,,hydro,LT,,1.0253,,False,missing_client_id|missing_object_metadata|no_actual
2026-04-03 04:45:00,OBJ_1005,CL_03,bess,,0.6177,0.8773,0.2596,True,missing_area
2026-04-03 04:45:00,OBJ_1006,CL_04,solar,LV,0.0,0.0,0.0,False,negative_capacity
2026-04-03 05:00:00,OBJ_1004,,hydro,LT,,1.2219,,False,missing_client_id|missing_object_metadata|no_actual
2026-04-03 05:00:00,OBJ_1005,CL_03,bess,,0.8322,0.8015,0.0307,True,missing_area
2026-04-03 05:00:00,OBJ_1006,CL_04,solar,LV,0.0,0.0,0.0,False,negative_capacity
2026-04-03 05:15:00,OBJ_1004,,hydro,LT,,1.1921,,False,missing_client_id|missing_object_metadata|no_actual
2026-04-03 05:15:00,OBJ_1005,CL_03,bess,,0.9847,0.7468,0.2379,True,missing_area
2026-04-03 05:15:00,OBJ_1006,CL_04,solar,LV,0.0,0.0,0.0,False,negative_capacity
2026-04-03 05:30:00,OBJ_1004,,hydro,LT,,1.1519,,False,missing_client_id|missing_object_metadata|no_actual
2026-04-03 05:30:00,OBJ_1005,CL_03,bess,,0.7276,1.0044,0.2768,True,missing_area
2026-04-03 05:30:00,OBJ_1006,CL_04,solar,LV,0.0,0.0,0.0,False,negative_capacity
2026-04-03 05:45:00,OBJ_1004,,hydro,LT,,1.0958,,False,missing_client_id|missing_object_metadata|no_actual
2026-04-03 05:45:00,OBJ_1005,CL_03,bess,,0.6641,0.7652,0.1011,True,missing_area
2026-04-03 05:45:00,OBJ_1006,CL_04,solar,LV,0.0,0.0,0.0,False,negative_capacity
2026-04-03 06:00:00,OBJ_1004,,hydro,LT,,1.0312,,False,missing_client_id|missing_object_metadata|no_actual
2026-04-03 06:00:00,OBJ_1005,CL_03,bess,,0.8369,0.8378,0.0009,True,missing_area
2026-04-03 06:00:00,OBJ_1006,CL_04,solar,LV,0.0,0.0,0.0,False,negative_capacity
2026-04-03 06:15:00,OBJ_1004,,hydro,LT,,1.1226,,False,missing_client_id|missing_object_metadata|no_actual
2026-04-03 06:15:00,OBJ_1005,CL_03,bess,,0.783,0.7585,0.0245,True,missing_area
2026-04-03 06:15:00,OBJ_1006,CL_04,solar,LV,0.2244,0.2188,0.0056,False,negative_capacity
2026-04-03 06:30:00,OBJ_1004,,hydro,LT,,1.1992,,False,missing_client_id|missing_object_metadata|no_actual
2026-04-03 06:30:00,OBJ_1005,CL_03,bess,,0.9255,1.0138,0.0883,True,missing_area
2026-04-03 06:30:00,OBJ_1006,CL_04,solar,LV,0.4816,0.4715,0.0101,False,negative_capacity
2026-04-03 06:45:00,OBJ_1004,,hydro,LT,,1.1439,,False,missing_client_id|missing_object_metadata|no_actual
2026-04-03 06:45:00,OBJ_1005,CL_03,bess,,0.7673,0.8346,0.0673,True,missing_area
2026-04-03 06:45:00,OBJ_1006,CL_04,solar,LV,0.6563,0.6878,0.0315,False,negative_capacity
2026-04-03 07:00:00,OBJ_1004,,hydro,LT,,1.0092,,False,missing_client_id|missing_object_metadata|no_actual
2026-04-03 07:00:00,OBJ_1005,CL_03,bess,,0.7258,0.6405,0.0853,True,missing_area
2026-04-03 07:00:00,OBJ_1006,CL_04,solar,LV,0.9189,0.9223,0.0034,False,negative_capacity
2026-04-03 07:15:00,OBJ_1004,,hydro,LT,,1.1581,,False,missing_client_id|missing_object_metadata|no_actual
2026-04-03 07:15:00,OBJ_1005,CL_03,bess,,0.7663,0.6282,0.1381,True,missing_area
2026-04-03 07:15:00,OBJ_1006,CL_04,solar,LV,1.2158,0.9917,0.2241,False,negative_capacity
2026-04-03 07:30:00,OBJ_1004,,hydro,LT,,1.1486,,False,missing_client_id|missing_object_metadata|no_actual
2026-04-03 07:30:00,OBJ_1005,CL_03,bess,,0.897,0.6023,0.2947,True,missing_area
2026-04-03 07:30:00,OBJ_1006,CL_04,solar,LV,1.4341,1.3944,0.0397,False,negative_capacity
2026-04-03 07:45:00,OBJ_1004,,hydro,LT,,1.0632,,False,missing_client_id|missing_object_metadata|no_actual
2026-04-03 07:45:00,OBJ_1005,CL_03,bess,,0.8185,0.6185,0.2,True,missing_area
2026-04-03 07:45:00,OBJ_1006,CL_04,solar,LV,1.7194,1.6426,0.0768,False,negative_capacity
2026-04-03 08:00:00,OBJ_1004,,hydro,LT,,1.1083,,False,missing_client_id|missing_object_metadata|no_actual
2026-04-03 08:00:00,OBJ_1005,CL_03,bess,,0.9976,0.6544,0.3432,True,missing_area
2026-04-03 08:00:00,OBJ_1006,CL_04,solar,LV,1.8868,1.9362,0.0494,False,negative_capacity
2026-04-03 08:15:00,OBJ_1004,,hydro,LT,,1.036,,False,missing_client_id|missing_object_metadata|no_actual
2026-04-03 08:15:00,OBJ_1005,CL_03,bess,,0.6828,0.7937,0.1109,True,missing_area
2026-04-03 08:15:00,OBJ_1006,CL_04,solar,LV,1.8696,2.1235,0.2539,False,negative_capacity
2026-04-03 08:30:00,OBJ_1004,,hydro,LT,,1.0048,,False,missing_client_id|missing_object_metadata|no_actual
2026-04-03 08:30:00,OBJ_1005,CL_03,bess,,0.8717,0.8719,0.0002,True,missing_area
2026-04-03 08:30:00,OBJ_1006,CL_04,solar,LV,2.0692,2.424,0.3548,False,negative_capacity
2026-04-03 08:45:00,OBJ_1004,,hydro,LT,,1.0875,,False,missing_client_id|missing_object_metadata|no_actual
2026-04-03 08:45:00,OBJ_1005,CL_03,bess,,0.9314,0.8674,0.064,True,missing_area
2026-04-03 08:45:00,OBJ_1006,CL_04,solar,LV,2.5109,2.0644,0.4465,False,negative_capacity
2026-04-03 09:00:00,OBJ_1004,,hydro,LT,,1.0235,,False,missing_client_id|missing_object_metadata|no_actual
2026-04-03 09:00:00,OBJ_1005,CL_03,bess,,0.8062,0.9496,0.1434,True,missing_area
2026-04-03 09:00:00,OBJ_1006,CL_04,solar,LV,2.5019,2.581,0.0791,False,negative_capacity
2026-04-03 09:15:00,OBJ_1004,,hydro,LT,,1.232,,False,missing_client_id|missing_object_metadata|no_actual
2026-04-03 09:15:00,OBJ_1005,CL_03,bess,,0.8657,0.9191,0.0534,True,missing_area
2026-04-03 09:15:00,OBJ_1006,CL_04,solar,LV,2.7099,2.7374,0.0275,False,negative_capacity
2026-04-03 09:30:00,OBJ_1004,,hydro,LT,,1.1823,,False,missing_client_id|missing_object_metadata|no_actual
2026-04-03 09:30:00,OBJ_1005,CL_03,bess,,0.8265,0.9637,0.1372,True,missing_area
2026-04-03 09:30:00,OBJ_1006,CL_04,solar,LV,2.9363,3.208,0.2717,False,negative_capacity
2026-04-03 09:45:00,OBJ_1004,,hydro,LT,,1.0523,,False,missing_client_id|missing_object_metadata|no_actual
2026-04-03 09:45:00,OBJ_1005,CL_03,bess,,0.6003,0.6323,0.032,True,missing_area
2026-04-03 09:45:00,OBJ_1006,CL_04,solar,LV,3.3343,2.9929,0.3414,False,negative_capacity
2026-04-03 10:00:00,OBJ_1004,,hydro,LT,,1.1409,,False,missing_client_id|missing_object_metadata|no_actual
2026-04-03 10:00:00,OBJ_1005,CL_03,bess,,-0.9487,-1.0063,0.0576,True,missing_area
2026-04-03 10:00:00,OBJ_1006,CL_04,solar,LV,3.4675,3.7559,0.2884,False,negative_capacity
2026-04-03 10:15:00,OBJ_1004,,hydro,LT,,1.0718,,False,missing_client_id|missing_object_metadata|no_actual
2026-04-03 10:15:00,OBJ_1005,CL_03,bess,,-0.8531,-0.9003,0.0472,True,missing_area
2026-04-03 10:15:00,OBJ_1006,CL_04,solar,LV,3.244,3.8652,0.6212,False,negative_capacity
2026-04-03 10:30:00,OBJ_1004,,hydro,LT,,1.1569,,False,missing_client_id|missing_object_metadata|no_actual
2026-04-03 10:30:00,OBJ_1005,CL_03,bess,,-1.0923,-1.1478,0.0555,True,missing_area
2026-04-03 10:30:00,OBJ_1006,CL_04,solar,LV,3.2973,3.3703,0.073,False,negative_capacity
2026-04-03 10:45:00,OBJ_1004,,hydro,LT,,1.0649,,False,missing_client_id|missing_object_metadata|no_actual
2026-04-03 10:45:00,OBJ_1005,CL_03,bess,,-0.8034,-1.006,0.2026,True,missing_area
2026-04-03 10:45:00,OBJ_1006,CL_04,solar,LV,3.7317,3.3724,0.3593,False,negative_capacity
2026-04-03 11:00:00,OBJ_1004,,hydro,LT,,1.1303,,False,missing_client_id|missing_object_metadata|no_actual
2026-04-03 11:00:00,OBJ_1005,CL_03,bess,,-1.101,-0.9582,0.1428,True,missing_area
2026-04-03 11:00:00,OBJ_1006,CL_04,solar,LV,3.8048,3.9471,0.1423,False,negative_capacity
2026-04-03 11:15:00,OBJ_1004,,hydro,LT,,1.2357,,False,missing_client_id|missing_object_metadata|no_actual
2026-04-03 11:15:00,OBJ_1005,CL_03,bess,,-1.1116,-1.1033,0.0083,True,missing_area
2026-04-03 11:15:00,OBJ_1006,CL_04,solar,LV,3.9644,3.9324,0.032,False,negative_capacity
2026-04-03 11:30:00,OBJ_1004,,hydro,LT,,1.084,,False,missing_client_id|missing_object_metadata|no_actual
2026-04-03 11:30:00,OBJ_1005,CL_03,bess,,-1.1819,-0.9092,0.2727,True,missing_area
2026-04-03 11:30:00,OBJ_1006,CL_04,solar,LV,3.9257,3.6013,0.3244,False,negative_capacity
2026-04-03 11:45:00,OBJ_1004,,hydro,LT,,1.135,,False,missing_client_id|missing_object_metadata|no_actual
2026-04-03 11:45:00,OBJ_1005,CL_03,bess,,-1.0274,-0.8153,0.2121,True,missing_area
2026-04-03 11:45:00,OBJ_1006,CL_04,solar,LV,3.9125,3.3687,0.5438,False,negative_capacity
2026-04-03 12:00:00,OBJ_1004,,hydro,LT,,1.2226,,False,missing_client_id|missing_object_metadata|no_actual
2026-04-03 12:00:00,OBJ_1005,CL_03,bess,,-1.1157,-1.0081,0.1076,True,missing_area
2026-04-03 12:00:00,OBJ_1006,CL_04,solar,LV,4.0625,4.6935,0.631,False,negative_capacity
2026-04-03 12:15:00,OBJ_1004,,hydro,LT,,1.1597,,False,missing_client_id|missing_object_metadata|no_actual
2026-04-03 12:15:00,OBJ_1005,CL_03,bess,,-1.0045,-1.0921,0.0876,True,missing_area
2026-04-03 12:15:00,OBJ_1006,CL_04,solar,LV,3.9062,4.1379,0.2317,False,negative_capacity
2026-04-03 12:30:00,OBJ_1004,,hydro,LT,,1.1583,,False,missing_client_id|missing_object_metadata|no_actual
2026-04-03 12:30:00,OBJ_1005,CL_03,bess,,-1.1386,-0.872,0.2666,True,missing_area
2026-04-03 12:30:00,OBJ_1006,CL_04,solar,LV,3.8398,4.3576,0.5178,False,negative_capacity
2026-04-03 12:45:00,OBJ_1004,,hydro,LT,,0.9833,,False,missing_client_id|missing_object_metadata|no_actual
2026-04-03 12:45:00,OBJ_1005,CL_03,bess,,-1.0806,-1.0021,0.0785,True,missing_area
2026-04-03 12:45:00,OBJ_1006,CL_04,solar,LV,3.9294,4.8436,0.9142,False,negative_capacity
2026-04-03 13:00:00,OBJ_1004,,hydro,LT,,1.2501,,False,missing_client_id|missing_object_metadata|no_actual
2026-04-03 13:00:00,OBJ_1005,CL_03,bess,,-1.1086,-1.0134,0.0952,True,missing_area
2026-04-03 13:00:00,OBJ_1006,CL_04,solar,LV,3.8448,3.8409,0.0039,False,negative_capacity
2026-04-03 13:15:00,OBJ_1004,,hydro,LT,,1.1433,,False,missing_client_id|missing_object_metadata|no_actual
2026-04-03 13:15:00,OBJ_1005,CL_03,bess,,-1.0268,-0.9493,0.0775,True,missing_area
2026-04-03 13:15:00,OBJ_1006,CL_04,solar,LV,4.0668,4.158,0.0912,False,negative_capacity
2026-04-03 13:30:00,OBJ_1004,,hydro,LT,,1.2145,,False,missing_client_id|missing_object_metadata|no_actual
2026-04-03 13:30:00,OBJ_1005,CL_03,bess,,-0.9887,-0.9798,0.0089,True,missing_area
2026-04-03 13:30:00,OBJ_1006,CL_04,solar,LV,4.0578,3.7906,0.2672,False,negative_capacity
2026-04-03 13:45:00,OBJ_1004,,hydro,LT,,1.0993,,False,missing_client_id|missing_object_metadata|no_actual
2026-04-03 13:45:00,OBJ_1005,CL_03,bess,,-1.0881,-1.0082,0.0799,True,missing_area
2026-04-03 13:45:00,OBJ_1006,CL_04,solar,LV,3.9515,3.994,0.0425,False,negative_capacity
2026-04-03 14:00:00,OBJ_1004,,hydro,LT,,1.1501,,False,missing_client_id|missing_object_metadata|no_actual
2026-04-03 14:00:00,OBJ_1005,CL_03,bess,,-0.986,-0.8583,0.1277,True,missing_area
2026-04-03 14:00:00,OBJ_1006,CL_04,solar,LV,3.9149,4.1395,0.2246,False,negative_capacity
2026-04-03 14:15:00,OBJ_1004,,hydro,LT,,1.1639,,False,missing_client_id|missing_object_metadata|no_actual
2026-04-03 14:15:00,OBJ_1005,CL_03,bess,,-1.0367,-1.1045,0.0678,True,missing_area
2026-04-03 14:15:00,OBJ_1006,CL_04,solar,LV,3.9955,4.0498,0.0543,False,negative_capacity
2026-04-03 14:30:00,OBJ_1004,,hydro,LT,,1.3221,,False,missing_client_id|missing_object_metadata|no_actual
2026-04-03 14:30:00,OBJ_1005,CL_03,bess,,-1.1358,-0.9641,0.1717,True,missing_area
2026-04-03 14:30:00,OBJ_1006,CL_04,solar,LV,4.1692,4.324,0.1548,False,negative_capacity
2026-04-03 14:45:00,OBJ_1004,,hydro,LT,,1.2066,,False,missing_client_id|missing_object_metadata|no_actual
2026-04-03 14:45:00,OBJ_1005,CL_03,bess,,-0.824,-1.0026,0.1786,True,missing_area
2026-04-03 14:45:00,OBJ_1006,CL_04,solar,LV,4.1556,3.6902,0.4654,False,negative_capacity
2026-04-03 15:00:00,OBJ_1004,,hydro,LT,,1.2028,,False,missing_client_id|missing_object_metadata|no_actual
2026-04-03 15:00:00,OBJ_1005,CL_03,bess,,0.6382,0.9775,0.3393,True,missing_area
2026-04-03 15:00:00,OBJ_1006,CL_04,solar,LV,3.5274,3.8658,0.3384,False,negative_capacity
2026-04-03 15:15:00,OBJ_1004,,hydro,LT,,1.1783,,False,missing_client_id|missing_object_metadata|no_actual
2026-04-03 15:15:00,OBJ_1005,CL_03,bess,,0.8803,1.0901,0.2098,True,missing_area
2026-04-03 15:15:00,OBJ_1006,CL_04,solar,LV,3.7822,3.7299,0.0523,False,negative_capacity
2026-04-03 15:30:00,OBJ_1004,,hydro,LT,,1.1381,,False,missing_client_id|missing_object_metadata|no_actual
2026-04-03 15:30:00,OBJ_1005,CL_03,bess,,0.7626,0.9283,0.1657,True,missing_area
2026-04-03 15:30:00,OBJ_1006,CL_04,solar,LV,3.545,3.2094,0.3356,False,negative_capacity
2026-04-03 15:45:00,OBJ_1004,,hydro,LT,,1.1214,,False,missing_client_id|missing_object_metadata|no_actual
2026-04-03 15:45:00,OBJ_1005,CL_03,bess,,0.6161,1.0464,0.4303,True,missing_area
2026-04-03 15:45:00,OBJ_1006,CL_04,solar,LV,3.5797,3.5671,0.0126,False,negative_capacity
2026-04-03 16:00:00,OBJ_1004,,hydro,LT,,1.1759,,False,missing_client_id|missing_object_metadata|no_actual
2026-04-03 16:00:00,OBJ_1005,CL_03,bess,,0.7618,1.0356,0.2738,True,missing_area
2026-04-03 16:00:00,OBJ_1006,CL_04,solar,LV,3.2291,3.3293,0.1002,False,negative_capacity
2026-04-03 16:15:00,OBJ_1004,,hydro,LT,,1.1264,,False,missing_client_id|missing_object_metadata|no_actual
2026-04-03 16:15:00,OBJ_1005,CL_03,bess,,0.9295,0.7217,0.2078,True,missing_area
2026-04-03 16:15:00,OBJ_1006,CL_04,solar,LV,3.0394,2.9018,0.1376,False,negative_capacity
2026-04-03 16:30:00,OBJ_1004,,hydro,LT,,1.0577,,False,missing_client_id|missing_object_metadata|no_actual
2026-04-03 16:30:00,OBJ_1005,CL_03,bess,,0.6515,0.9628,0.3113,True,missing_area
2026-04-03 16:30:00,OBJ_1006,CL_04,solar,LV,3.1367,2.9157,0.221,False,negative_capacity
2026-04-03 16:45:00,OBJ_1004,,hydro,LT,,1.1291,,False,missing_client_id|missing_object_metadata|no_actual
2026-04-03 16:45:00,OBJ_1005,CL_03,bess,,0.8733,0.8286,0.0447,True,missing_area
2026-04-03 16:45:00,OBJ_1006,CL_04,solar,LV,2.6265,2.5897,0.0368,False,negative_capacity
2026-04-03 17:00:00,OBJ_1004,,hydro,LT,,1.2544,,False,missing_client_id|missing_object_metadata|no_actual
2026-04-03 17:00:00,OBJ_1005,CL_03,bess,,0.8203,0.7725,0.0478,True,missing_area
2026-04-03 17:00:00,OBJ_1006,CL_04,solar,LV,2.4105,2.7299,0.3194,False,negative_capacity
2026-04-03 17:15:00,OBJ_1004,,hydro,LT,,1.1114,,False,missing_client_id|missing_object_metadata|no_actual
2026-04-03 17:15:00,OBJ_1005,CL_03,bess,,0.9128,0.8483,0.0645,True,missing_area
2026-04-03 17:15:00,OBJ_1006,CL_04,solar,LV,2.3537,2.3308,0.0229,False,negative_capacity
2026-04-03 17:30:00,OBJ_1004,,hydro,LT,,1.2525,,False,missing_client_id|missing_object_metadata|no_actual
2026-04-03 17:30:00,OBJ_1005,CL_03,bess,,0.9114,0.622,0.2894,True,missing_area
2026-04-03 17:30:00,OBJ_1006,CL_04,solar,LV,2.0561,2.2126,0.1565,False,negative_capacity
2026-04-03 17:45:00,OBJ_1004,,hydro,LT,,1.1024,,False,missing_client_id|missing_object_metadata|no_actual
2026-04-03 17:45:00,OBJ_1005,CL_03,bess,,0.9669,0.9009,0.066,True,missing_area
2026-04-03 17:45:00,OBJ_1006,CL_04,solar,LV,1.8685,2.0158,0.1473,False,negative_capacity
2026-04-03 18:00:00,OBJ_1004,,hydro,LT,,0.9939,,False,missing_client_id|missing_object_metadata|no_actual
2026-04-03 18:00:00,OBJ_1005,CL_03,bess,,0.9225,0.9563,0.0338,True,missing_area
2026-04-03 18:00:00,OBJ_1006,CL_04,solar,LV,1.8639,1.7625,0.1014,False,negative_capacity
2026-04-03 18:15:00,OBJ_1004,,hydro,LT,,1.1254,,False,missing_client_id|missing_object_metadata|no_actual
2026-04-03 18:15:00,OBJ_1005,CL_03,bess,,0.7969,0.8906,0.0937,True,missing_area
2026-04-03 18:15:00,OBJ_1006,CL_04,solar,LV,1.5436,1.4796,0.064,False,negative_capacity
2026-04-03 18:30:00,OBJ_1004,,hydro,LT,,1.1257,,False,missing_client_id|missing_object_metadata|no_actual
2026-04-03 18:30:00,OBJ_1005,CL_03,bess,,0.8868,0.7268,0.16,True,missing_area
2026-04-03 18:30:00,OBJ_1006,CL_04,solar,LV,1.4681,1.6227,0.1546,False,negative_capacity
2026-04-03 18:45:00,OBJ_1004,,hydro,LT,,1.1669,,False,missing_client_id|missing_object_metadata|no_actual
2026-04-03 18:45:00,OBJ_1005,CL_03,bess,,0.7494,0.9266,0.1772,True,missing_area
2026-04-03 18:45:00,OBJ_1006,CL_04,solar,LV,1.2349,1.0887,0.1462,False,negative_capacity
2026-04-03 19:00:00,OBJ_1004,,hydro,LT,,1.1452,,False,missing_client_id|missing_object_metadata|no_actual
2026-04-03 19:00:00,OBJ_1005,CL_03,bess,,0.6697,0.6649,0.0048,True,missing_area
2026-04-03 19:00:00,OBJ_1006,CL_04,solar,LV,0.9966,1.068,0.0714,False,negative_capacity
2026-04-03 19:15:00,OBJ_1004,,hydro,LT,,1.1462,,False,missing_client_id|missing_object_metadata|no_actual
2026-04-03 19:15:00,OBJ_1005,CL_03,bess,,0.8915,0.6795,0.212,True,missing_area
2026-04-03 19:15:00,OBJ_1006,CL_04,solar,LV,0.748,0.7375,0.0105,False,negative_capacity
2026-04-03 19:30:00,OBJ_1004,,hydro,LT,,1.023,,False,missing_client_id|missing_object_metadata|no_actual
2026-04-03 19:30:00,OBJ_1005,CL_03,bess,,0.8262,0.634,0.1922,True,missing_area
2026-04-03 19:30:00,OBJ_1006,CL_04,solar,LV,0.4991,0.4579,0.0412,False,negative_capacity
2026-04-03 19:45:00,OBJ_1004,,hydro,LT,,1.1226,,False,missing_client_id|missing_object_metadata|no_actual
2026-04-03 19:45:00,OBJ_1005,CL_03,bess,,0.9547,0.751,0.2037,True,missing_area
2026-04-03 19:45:00,OBJ_1006,CL_04,solar,LV,0.2314,0.2358,0.0044,False,negative_capacity
2026-04-03 20:00:00,OBJ_1004,,hydro,LT,,1.14,,False,missing_client_id|missing_object_metadata|no_actual
2026-04-03 20:00:00,OBJ_1005,CL_03,bess,,0.9538,0.781,0.1728,True,missing_area
2026-04-03 20:00:00,OBJ_1006,CL_04,solar,LV,0.0,0.0,0.0,False,negative_capacity
2026-04-03 20:15:00,OBJ_1004,,hydro,LT,,1.1727,,False,missing_client_id|missing_object_metadata|no_actual
2026-04-03 20:15:00,OBJ_1005,CL_03,bess,,0.9383,0.9974,0.0591,True,missing_area
2026-04-03 20:15:00,OBJ_1006,CL_04,solar,LV,0.0,0.0,0.0,False,negative_capacity
2026-04-03 20:30:00,OBJ_1004,,hydro,LT,,1.2267,,False,missing_client_id|missing_object_metadata|no_actual
2026-04-03 20:30:00,OBJ_1005,CL_03,bess,,0.8376,0.9388,0.1012,True,missing_area
2026-04-03 20:30:00,OBJ_1006,CL_04,solar,LV,0.0,0.0,0.0,False,negative_capacity
2026-04-03 20:45:00,OBJ_1004,,hydro,LT,,1.1682,,False,missing_client_id|missing_object_metadata|no_actual
2026-04-03 20:45:00,OBJ_1005,CL_03,bess,,0.8789,0.9187,0.0398,True,missing_area
2026-04-03 20:45:00,OBJ_1006,CL_04,solar,LV,0.0,0.0,0.0,False,negative_capacity
2026-04-03 21:00:00,OBJ_1004,,hydro,LT,,1.1748,,False,missing_client_id|missing_object_metadata|no_actual
2026-04-03 21:00:00,OBJ_1005,CL_03,bess,,0.771,0.9272,0.1562,True,missing_area
2026-04-03 21:00:00,OBJ_1006,CL_04,solar,LV,0.0,0.0,0.0,False,negative_capacity
2026-04-03 21:15:00,OBJ_1004,,hydro,LT,,1.1174,,False,missing_client_id|missing_object_metadata|no_actual
2026-04-03 21:15:00,OBJ_1005,CL_03,bess,,0.759,0.8318,0.0728,True,missing_area
2026-04-03 21:15:00,OBJ_1006,CL_04,solar,LV,0.0,0.0,0.0,False,negative_capacity
2026-04-03 21:30:00,OBJ_1004,,hydro,LT,,1.0545,,False,missing_client_id|missing_object_metadata|no_actual
2026-04-03 21:30:00,OBJ_1005,CL_03,bess,,0.6905,1.0627,0.3722,True,missing_area
2026-04-03 21:30:00,OBJ_1006,CL_04,solar,LV,0.0,0.0,0.0,False,negative_capacity
2026-04-03 21:45:00,OBJ_1004,,hydro,LT,,1.0235,,False,missing_client_id|missing_object_metadata|no_actual
2026-04-03 21:45:00,OBJ_1005,CL_03,bess,,0.9363,0.6265,0.3098,True,missing_area
2026-04-03 21:45:00,OBJ_1006,CL_04,solar,LV,0.0,0.0,0.0,False,negative_capacity
2026-04-03 22:00:00,OBJ_1004,,hydro,LT,,1.1643,,False,missing_client_id|missing_object_metadata|no_actual
2026-04-03 22:00:00,OBJ_1005,CL_03,bess,,0.8008,0.813,0.0122,True,missing_area
2026-04-03 22:00:00,OBJ_1006,CL_04,solar,LV,0.0,0.0,0.0,False,negative_capacity
2026-04-03 22:15:00,OBJ_1004,,hydro,LT,,1.2705,,False,missing_client_id|missing_object_metadata|no_actual
2026-04-03 22:15:00,OBJ_1005,CL_03,bess,,0.6505,0.8178,0.1673,True,missing_area
2026-04-03 22:15:00,OBJ_1006,CL_04,solar,LV,0.0,0.0,0.0,False,negative_capacity
2026-04-03 22:30:00,OBJ_1004,,hydro,LT,,1.1028,,False,missing_client_id|missing_object_metadata|no_actual
2026-04-03 22:30:00,OBJ_1005,CL_03,bess,,0.7552,0.9329,0.1777,True,missing_area
2026-04-03 22:30:00,OBJ_1006,CL_04,solar,LV,0.0,0.0,0.0,False,negative_capacity
2026-04-03 22:45:00,OBJ_1004,,hydro,LT,,1.137,,False,missing_client_id|missing_object_metadata|no_actual
2026-04-03 22:45:00,OBJ_1005,CL_03,bess,,0.6593,0.8743,0.215,True,missing_area
2026-04-03 22:45:00,OBJ_1006,CL_04,solar,LV,0.0,0.0,0.0,False,negative_capacity
2026-04-03 23:00:00,OBJ_1004,,hydro,LT,,1.0458,,False,missing_client_id|missing_object_metadata|no_actual
2026-04-03 23:00:00,OBJ_1005,CL_03,bess,,0.7532,0.6368,0.1164,True,missing_area
2026-04-03 23:00:00,OBJ_1006,CL_04,solar,LV,0.0,0.0,0.0,False,negative_capacity
2026-04-03 23:15:00,OBJ_1004,,hydro,LT,,0.9823,,False,missing_client_id|missing_object_metadata|no_actual
2026-04-03 23:15:00,OBJ_1005,CL_03,bess,,0.695,0.7627,0.0677,True,missing_area
2026-04-03 23:15:00,OBJ_1006,CL_04,solar,LV,0.0,0.0,0.0,False,negative_capacity
2026-04-03 23:30:00,OBJ_1004,,hydro,LT,,1.1762,,False,missing_client_id|missing_object_metadata|no_actual
2026-04-03 23:30:00,OBJ_1005,CL_03,bess,,0.9476,0.6017,0.3459,True,missing_area
2026-04-03 23:30:00,OBJ_1006,CL_04,solar,LV,0.0,0.0,0.0,False,negative_capacity
2026-04-03 23:45:00,OBJ_1004,,hydro,LT,,0.9346,,False,missing_client_id|missing_object_metadata|no_actual
2026-04-03 23:45:00,OBJ_1005,CL_03,bess,,0.8964,0.585,0.3114,True,missing_area
2026-04-03 23:45:00,OBJ_1006,CL_04,solar,LV,0.0,0.0,0.0,False,negative_capacity
